ID;NAME;START_NODE_ID;END_NODE_ID;SEG_TYPE_ID;DEFAULT_LENGTH;AVG_DURATION;VISIBLE
806419;100_Rotunda AEP_Rotunda do Bessa;52;800447;1;2000;1;Y
806420;100_Rotunda AEP_Aeroporto;52;107;1;5000;1;Y
806421;100_Aeroporto_Rotunda AEP;107;52;1;5000;1;Y
806422;UOF_Batalha;11;36;1;6000;1;Y
806423;Batalha_UOF;36;11;1;6000;1;Y
806174;42_Casa da Musica_Exponor;1112;800407;1;5000;1;Y
804085;UOF_Ermesinde;11;63;2;14700;20;Y
804645;UOF_Mercado da Foz;11;37;2;4400;1;Y
804647;Mercado da Foz_UOF;37;11;2;4800;1;Y
804805;209_Pasteleira_Praca da Galiza;800205;19;1;3840;1;Y
804807;209_Praca da Galiza_Pasteleira;19;800205;1;3350;1;Y
804809;209_Praca da Galiza_Boavista;19;4;1;800;1;Y
804811;209_Casa da Musica_Praca da Galiza;1112;19;1;1160;1;Y
806175;42_Exponor_Casa da Musica;800407;1112;1;5000;1;Y
806176;UOF_Exponor;11;800407;2;3000;1;Y
806177;Exponor_UOF;800407;11;2;3000;1;Y
805252;UOF_Praca Cidade do Salvador;11;800266;2;6000;15;Y
805052;Bolhao_Ermesinde;23;63;2;6000;1;Y
805352;501_Aliados_Boavista;38;4;1;3720;15;Y
805353;501_Boavista_Aliados;4;38;1;3100;15;Y
805372;400_Aliados_S.Bento;38;1026;1;500;1;Y
805392;400-S.Lazaro_Aliados;103;38;1;1340;1;Y
805855;S.Bento_UOF;1026;11;2;8000;1;Y
805874;302_Cordoaria_ Boavista;18;4;1;3000;1;Y
805894;303_Boavista_Cordoaria;4;18;1;3000;1;Y
804691;209_Boavista_Prelada;4;800165;1;3060;1;Y
804693;209_Prelada_Casa da Musica;800165;1112;1;3460;1;Y
804725;UOF_Pasteleira;11;800205;2;3500;1;Y
804727;Pasteleira_UOF;800205;11;2;3800;1;Y
804729;UOF_Prelada;11;800165;2;1600;1;Y
804731;Prelada_UOF;800165;11;2;1600;1;Y
13152;907_Stº Ovidio_Gaiashopping;53;99;1;3150;15;Y
13153;907_Stº Ovidio_Vila d'Este;53;146;1;3910;12;Y
13154;907_Vila d'Este_Stº Ovidio;146;53;1;3430;12;Y
13155;UOF_Vila d'Este;11;146;2;14700;20;Y
13156;Vila d'Este_UOF;146;11;2;12900;20;Y
8985;69_Casa da Musica_Serralves;1112;1246;1;5000;13;Y
8986;69_Serralves_Casa da Musica;1246;1112;1;5000;13;Y
9365;502_Praca da Republica_Casa da Musica;72;1112;1;1700;1;Y
9366;502_Casa da Musica_Pinheiro Manso;1112;305;1;2070;1;Y
12786;Santo Ovidio_UOF;53;11;2;10200;15;Y
12805;UON_Aeroporto;1;107;2;12600;15;Y
9505;207_Lordelo_Mercado da Foz;30;37;1;4480;1;Y
9506;207_Mercado da Foz_Lordelo;37;30;1;4540;1;Y
9507;Mercado da Foz_UON;37;1;2;7800;1;Y
9508;UON_Mercado da Foz;1;37;2;6700;1;Y
805594;505_S.Mamede_Lionesa;39;800327;1;4970;1;Y
9865;UOF_Maia Zoo;11;1306;2;10700;1;Y
9866;Maia Zoo_UOF;1306;11;2;9700;1;Y
805595;505_Lionesa_S.Mamede;800327;39;1;5030;1;Y
9529;304_Vale Formoso_Stª Luzia;1286;65;1;2620;1;Y
9530;304_Stª Luzia_Vale Formoso;65;1286;1;2980;1;Y
9545;305_Cordoaria_Campo 24 Agosto;18;183;1;1820;1;Y
9546;305_Campo 24 Agosto_Cordoaria;183;18;1;2340;1;Y
805596;505_Lionesa_Custoias;800327;151;1;3140;1;Y
12785;UOF_Santo Ovidio;11;53;2;10800;15;Y
13085;Bairro do Amial_UOF;114;11;2;4000;10;Y
805597;505_Custoias_Lionesa;151;800327;1;3030;1;Y
805654;68_Queimodromo_Aliados;1686;38;1;10000;25;Y
806294;501_Aldoar_Matosinhos;13;1106;1;2620;1;Y
13108;UOF_Esposade;11;90;2;7400;15;Y
10065;Infante_UON;67;1;2;8000;1;Y
10066;UON_Alfandega;1;50;2;9000;1;Y
806295;501_Matosinhos_Aldoar;1106;13;1;3230;1;Y
10085;UON_Valadares(estacao);1;163;2;13000;1;Y
10086;Valadares (estacao)_UON;163;1;2;13600;1;Y
10105;UON_Infante;1;67;2;6900;1;Y
10345;12M_Gaiashopping_Santo Ovidio;99;53;1;2250;5;Y
10346;12M_Santo Ovidio_Gaiashopping;53;99;1;3150;5;Y
10645;Aeroporto_UON;107;1;2;12400;1;Y
10885;UON_Carvalha;1;1148;2;10200;1;Y
10886;Carvalha_UON;1148;1;2;10000;1;Y
11065;UON_Matosinhos Mercado;1;1066;2;8400;15;Y
11066;Matosinhos Mercado_UON;1066;1;2;8500;1;Y
11465;UOF_Codiceira;11;64;2;18900;1;Y
11825;UOM_Carmo;170;1226;2;2000;1;Y
11826;Carmo_UOM;1226;170;2;2000;1;Y
8168;805_Areosa_Forno;27;132;1;2940;1;Y
8169;805_Forno_Rio Tinto(estacao);132;1127;1;3230;1;Y
8170;804_Hospital de S.Joao_Areosa;28;27;1;1610;1;Y
8171;804_Areosa_Hospital de S.Joao;27;28;1;2300;1;Y
8172;804_Areosa_S.Roque;27;7;1;3130;1;Y
8173;804_S.Roque_Areosa;7;27;1;3330;1;Y
8174;804_S.Roque_Stª Eulalia;7;93;1;3720;1;Y
8175;804_Stª Eulalia_S.Roque;93;7;1;3570;1;Y
8176;804_Stª Eulalia_S.Pedro da Cova;93;157;1;3300;1;Y
8177;804_S.Pedro da Cova_Stª Eulalia;157;93;1;3240;1;Y
8178;806_Marques_Antas;9;8;1;1730;1;Y
8179;806_Antas_Marques;8;9;1;1620;1;Y
8180;806_Antas_S.Roque;8;7;1;2610;1;Y
8181;806_S.Roque_Antas;7;8;1;2760;1;Y
8182;806_S.Roque_Portelinha;7;130;1;2610;1;Y
8183;806_Portelinha_S.Roque;130;7;1;2550;1;Y
807214;UOF_Freixo;11;51;2;9400;1;Y
807215;UOF_Parque Nascente;11;800467;2;10000;1;Y
8188;200/_Praca da Galiza_Lordelo;19;30;1;1890;1;Y
8196;505_Custoias_Guifoes;151;46;1;2880;1;Y
8197;505_Guifoes_Custoias;46;151;1;2850;1;Y
8198;505_Guifoes_Matosinhos Mercado;46;1066;1;4860;1;Y
8199;505_Matosinhos Mercado_Guifoes;1066;46;1;4880;1;Y
8200;806_Portelinha_Carvalha;130;1148;1;1710;1;Y
8201;806_Carvalha_Portelinha;1148;130;1;1540;1;Y
8202;901_Trindade_Ponte de Luis I;746;1149;1;2360;1;Y
8203;901_Ponte de Luis I_Trindade;1149;746;1;2260;1;Y
8204;901_Ponte de Luis I_Candal;1149;20;1;3570;1;Y
8205;901_Candal_Ponte de Luis I;20;1149;1;3840;1;Y
8206;901_Candal_Coimbroes;20;21;1;1470;1;Y
8207;901_Coimbroes_Candal;21;20;1;1200;1;Y
8208;901_Coimbroes_Rego D'Agua;21;109;1;1770;1;Y
8209;901_Rego D'Agua_Coimbroes;109;21;1;1540;1;Y
8210;901_Rego D'Agua_Cabine;109;110;1;1890;1;Y
8211;901_Cabine_Rego D'Agua;110;109;1;1910;1;Y
8212;902_Casa da Musica_Praca da Galiza;1112;19;1;1400;1;Y
8213;902_Praca da Galiza_Casa da Musica;19;1112;1;1060;1;Y
8214;902_Praca da Galiza_Candal;19;20;1;5240;1;Y
8215;902_Candal_Praca da Galiza;20;19;1;4950;1;Y
8216;902_Candal_Alumiara;20;1150;1;2870;1;Y
8217;902_Alumiara_Candal;1150;20;1;2910;1;Y
8218;902_Alumiara_Lavadores;1150;150;1;1630;1;Y
8219;902_Lavadores_Alumiara;150;1150;1;1420;1;Y
8224;903_Candal_Coimbroes;20;21;1;1560;1;Y
8226;903_Coimbroes_Stº Ovidio;21;53;1;5120;1;Y
8227;903_Stº Ovidio_Coimbroes;53;21;1;6550;1;Y
8245;UON_Azevedo;1;145;2;8000;10;Y
8246;Azevedo_UON;145;1;2;8000;10;Y
807216;Parque Nascente_UOF;800467;11;2;8400;1;Y
807217;UOF_Campo;11;140;2;21800;1;Y
8262;205_Freixo_Campanha;51;34;1;1050;1;Y
8263;207_Campanha_S.Lazaro;34;103;1;1570;1;Y
8264;207_S.Lazaro_Campanha;103;34;1;1530;1;Y
8269;207_Praca da Galiza_Lordelo;19;30;1;1910;1;Y
8270;207_Lordelo_Praca da Galiza;30;19;1;1820;1;Y
8273;300_Aliados_Carvalhido;38;104;1;3180;1;Y
8274;300_Carvalhido_Stª Luzia;104;65;1;1530;1;Y
8275;300_Stª Luzia_Bairro do Amial;65;114;1;380;1;Y
8279;300_Campo 24 Agosto_Aliados;183;38;1;1460;1;Y
8305;UOF_Santa Luzia;11;65;2;3100;1;Y
8306;Santa Luzia_UOF;65;11;2;3400;1;Y
8307;UOF_S.Roque;11;7;2;9000;1;Y
8308;UOF_Matosinhos Mercado;11;1066;2;6400;1;Y
8309;Matosinhos Mercado_UOF;1066;11;2;6000;1;Y
8310;UOF_Matosinhos Praia;11;1106;2;6000;1;Y
8311;Matosinhos Praia_UOF;1106;11;2;6100;1;Y
8312;UOF_Amial;11;73;2;4900;1;Y
8314;508_Cabo do Mundo_Freixieiro;76;86;1;3860;1;Y
807234;404_Estadio  Dragão_C.24 Agosto;1506;183;1;2800;1;Y
807235;404_C.24 Agosto_Estadio Dragão;183;1506;1;2800;1;Y
807236;404_C.24 Agosto_Bolhão Mercado;183;82;1;1500;1;Y
8320;UOF_Casa da Musica;11;1112;2;2500;1;Y
8321;Casa da Musica_UOF;1112;11;2;2600;10;Y
807237;404_Bolhão Mercado_C.24 Agosto;82;183;1;1500;1;Y
8332;704_Bom Sucesso_Carvalhido;60;104;1;1320;1;Y
8333;704_Carvalhido_Bom Sucesso;104;60;1;2200;1;Y
8334;704_Carvalhido_Hospital de S.Joao;104;28;1;4010;1;Y
8335;704_Hospital de S.Joao_Carvalhido;28;104;1;4150;1;Y
8336;704_Hospital de S.Joao_Areosa;28;27;1;1750;1;Y
8337;704-Areosa_Hospital de S.Joao;27;28;1;1710;1;Y
8338;704_Areosa_Alto da Maia;27;123;1;3050;1;Y
401881;Valongo_UON;122;1;2;15100;25;Y
401921;705_Ermesinde_Alto da Maia;63;123;1;2440;7;Y
8339;704_Alto da Maia_Areosa;123;27;1;3420;1;Y
8340;704_Alto da Maia_Ermesinde;123;63;1;2450;1;Y
8341;704_Ermesinde_Alto da Maia;63;123;1;2350;1;Y
8342;704_Ermesinde_Codiceira;63;64;1;6480;1;Y
8343;704_Codiceira_Ermesinde;64;63;1;6840;1;Y
8346;805_Rio Tinto(estacao)_Forno;1127;132;1;2910;1;Y
8347;805_Forno_Areosa;132;27;1;3930;1;Y
8348;803_Areosa_Hospital de S.Joao;27;28;1;1410;1;Y
8349;803_Hospital de S.Joao_Carvalhido;28;104;1;4540;1;Y
8351;803_Hospital de S.Joao_Areosa;28;27;1;1530;1;Y
8353;803_Areosa_Rio Tinto(estacao);27;1127;1;2800;1;Y
8354;803_Rio Tinto(estacao)_Areosa;1127;27;1;2920;1;Y
8355;803_Rio Tinto(estacao)_Rio Tinto(igreja);1127;1126;1;770;1;Y
8356;803_Rio Tinto_Rio Tinto(Igreja);133;1126;1;2590;1;Y
8357;UON_Trindade;1;746;2;5900;1;Y
8358;Trindade_UON;746;1;2;5800;1;Y
805674;35_Levada_Fanzeres;800367;800347;1;5000;1;Y
805675;35_Fanzeres_Levada;800347;800367;1;5000;1;Y
8366;301_Campo 24 Agosto_Silva Tapada;183;49;1;2660;1;Y
8367;301_Silva Tapada_Hospital de S.Joao;49;28;1;2460;1;Y
805212;UOF_Cabine;11;110;2;9700;1;Y
8370;301_Stª Luzia_Carvalhido;65;104;1;1360;1;Y
805474;202_Fonte da Moura_Passeio Alegre;3;25;1;3920;10;Y
805475;202_Passeio Alegre_Fonte da Moura;25;3;1;3870;10;Y
805414;904_Bolhao_Gaia Camara;23;908;1;4450;1;Y
12265;UOF_Queimodromo;11;1686;2;5000;1;Y
12266;Queimodromo_UOF;1686;11;2;5000;1;Y
8376;904_Gaia Camara_Coimbroes;908;21;1;2510;1;Y
8377;904_Coimbroes_Gaia Camara;21;908;1;3410;1;Y
8378;904_Coimbroes_Coimbroes Sul;21;1207;1;900;1;Y
8379;904_Coimbroes Sul_Coimbroes;1207;21;1;730;1;Y
12545;506_Padrao da Legua_Norteshopping;606;1186;1;3950;1;Y
12546;506_Norteshopping_Padrao da Legua;1186;606;1;4160;1;Y
12547;506_Norteshopping_Matosinhos Camara;1186;1108;1;2740;1;Y
12548;506_Matosinhos Camara_Norteshopping;1108;1186;1;2820;1;Y
8488;905_Bolhao_Aliados;23;38;1;1040;1;Y
8489;905_Aliados_Gaia Camara;38;908;1;3680;1;Y
12549;506_Matosinhos Camara_Matosinhos Mercado;1108;1066;1;2170;1;Y
12550;506_Matosinhos Mercado_Matosinhos Camara;1066;1108;1;2280;1;Y
805415;904_Gaia Camara_Bolhao;908;23;1;4450;1;Y
8397;603_Hospital de S.Joao_Parada;28;115;1;4600;1;Y
8400;603_Gueifaes_Parada;138;115;1;2300;1;Y
8401;603_Parada_Gueifaes;115;138;1;2420;1;Y
8403;603_Gueifaes_Vermoim;138;1206;1;5970;1;Y
8404;603_Vermoim_Gueifaes;1206;138;1;6110;1;Y
8407;206_Campanha_Campo 24 Agosto;34;183;1;1210;1;Y
8408;206_Campo 24 Agosto_Campanha;183;34;1;1210;1;Y
8410;206_Marques_Campo 24 Agosto;9;183;1;2000;1;Y
8412;206_Carvalhido_Marques;104;9;1;2330;1;Y
8413;206_Carvalhido_Viso;104;2;1;3210;1;Y
8414;206_Viso_Carvalhido;2;104;1;3460;1;Y
8425;503_Casa da Musica_Pinheiro Manso;1112;305;1;2340;1;Y
8426;503_Pinheiro Manso_Casa da Musica;305;1112;1;2740;1;Y
8427;503_Pinheiro Manso_Viso;305;2;1;3720;1;Y
8428;503_Viso_Pinheiro Manso;2;305;1;3230;1;Y
8429;503_Viso_Vasco da Gama;2;1107;1;2760;1;Y
8430;503_Vasco da Gama_Viso;1107;2;1;3350;1;Y
8431;503_Vasco da Gama_Guifoes;1107;46;1;1370;1;Y
8432;503_Guifoes_Vasco da Gama;46;1107;1;1160;1;Y
8433;503_Guifoes_Gatoes;46;47;1;3750;1;Y
8434;503_Gatoes_Guifoes;47;46;1;3850;1;Y
8436;504_Casa da Musica_Lordelo;1112;30;1;2590;1;Y
8437;504_Lordelo_Casa da Musica;30;1112;1;2810;1;Y
8438;504_Lordelo_Marechal Gomes da Costa;30;31;1;3710;1;Y
8439;504_Marechal Gomes da Costa_Lordelo;31;30;1;3680;1;Y
8440;504_Marechal Gomes da Costa_Lidador;31;155;1;3840;1;Y
8441;504_Lidador_Marechal Gomes da Costa;155;31;1;3970;1;Y
8442;504_Lidador_Norteshopping;155;1186;1;1760;1;Y
8443;504_Norteshopping_Lidador;1186;155;1;1080;1;Y
8444;UOF_Norteshpping;11;1186;2;2500;1;Y
8445;Norteshopping_UOF;1186;11;2;2400;1;Y
8446;604_Hospital de S.Joao_S.Mamede;28;39;1;2410;1;Y
8448;604_S.Mamede_Gueifaes;39;138;1;4000;1;Y
8449;604_Gueifaes_S.Mamede;138;39;1;3950;1;Y
8450;604_Gueifaes-Maia Forum;138;1109;1;3830;1;Y
8451;604_Maia Forum_Gueifaes;1109;138;1;3320;1;Y
8452;604_Maia Forum_Padrao de Moreira;1109;806;1;3490;1;Y
8453;604_Padrao de Moreira_Maia Forum;806;1109;1;3720;1;Y
8456;703_Cordoaria_Marques;18;9;1;2530;1;Y
8464;905_Stº Ovidio_Monte da Virgem;53;143;1;2090;1;Y
8465;905_Monte da Virgem_Stº Ovidio;143;53;1;2070;1;Y
8466;501_Matosinhos_Carcavelos;1106;14;1;910;1;Y
8467;501_Carcavelos_Aldoar;14;13;1;2300;1;Y
8468;501_Aldoar_Bairro de Francos;13;910;1;4780;1;Y
8469;501_Bairro de Francos_Boavista;910;4;1;1040;1;Y
8474;901_Cabine_Valadares;110;113;1;3580;1;Y
8475;901_Valadares_Cabine;113;110;1;3300;1;Y
8478;906_Cabine_Madalena;110;112;1;5730;1;Y
8479;906_Madalena_Cabine;112;110;1;5330;1;Y
806274;UOF_Seixo;11;137;2;10000;1;Y
806275;Seixo_UOF;137;11;2;10000;1;Y
806314;207_Campanha_Praca D.Joao I;34;800427;1;2730;1;Y
806315;207_Praca D.Joao I_Praca da Galiza;800427;19;1;2140;1;Y
8533;401_Bolhao_Campo 24 Agosto;82;183;1;930;1;Y
8539;UON_Bolhao Mercado;1;82;2;8100;1;Y
8540;Bolhao Mercado_UON;82;1;2;7200;20;Y
8565;Sonhos_UON;161;1;2;12900;1;Y
805994;700_Campo 24 Agosto_S.Roque;183;7;1;3780;1;Y
805995;700_S.Roque_Campo 24 Agosto;7;183;1;3650;1;Y
806254;Rio Tinto (Igreja)_UOF;1126;11;2;10000;1;Y
7451;7M_S.Roque_Seixo;7;137;1;4680;12;Y
7452;7M_Seixo_S.Roque;137;7;1;4400;12;Y
7453;7M_Seixo_Valongo;137;122;1;3680;15;Y
7454;7M_Valongo_Seixo;122;137;1;4520;15;Y
10585;805_Marques_Antas;9;8;1;1850;1;Y
10586;805_Antas_Marques;8;9;1;1610;1;Y
10587;805_Antas_Areosa;8;27;1;2120;1;Y
10588;805_Areosa_Antas;27;8;1;1900;1;Y
10925;UOF_Gatoes;11;47;2;7300;1;Y
10926;Gatoes_UON;47;11;2;7300;1;Y
10945;Praca da Galiza_UON;19;1;2;5000;1;Y
10965;305_Campo 24 Agosto_Bolhao;183;82;1;500;1;Y
10966;305_Bolhao_Campo 24 Agosto;82;183;1;500;1;Y
7645;UOF_Leca;11;75;2;7400;1;Y
7585;Carvalhosa_UOF;1006;11;2;5000;1;Y
7687;67_Queimodromo_Hospital de S.Joao;1686;28;1;10000;20;Y
7725;88_Praca_Stº Ovidio;5;53;1;5000;25;Y
7726;88_Stº Ovidio_Praca;53;5;1;5000;25;Y
7787;500_Massarelos_Fluvial;68;1027;1;1880;1;Y
7788;500_Fluvial_Massarelos;1027;68;1;1920;1;Y
7789;500_Fluvial_Passeio Alegre;1027;25;1;1710;1;Y
7790;500_Passeio Alegre_Fluvial;25;1027;1;1640;1;Y
7791;500_Passeio Alegre_Castelo do Queijo;25;15;1;2680;1;Y
7793;500_Castelo do Queijo_Matosinhos Mercado;15;1066;1;2520;1;Y
7847;800-Campo 24 Agosto_Corujeira;183;177;1;2260;1;Y
7848;800_Corujeira_Campo 24 Agosto;177;183;1;2140;1;Y
7849;800_Corujeira_S.Roque;177;7;1;1500;1;Y
7850;800_S.Roque_Corujeira;7;177;1;1520;1;Y
7851;800_S.Roque_Stª Eulalia;7;93;1;3720;1;Y
7852;800_Stª Eulalia_S.Roque;93;7;1;3570;1;Y
7853;800_Stª Eulalia_Gondomar;93;134;1;3390;1;Y
7854;800_Gondomar_Stª Eulalia;134;93;1;2710;1;Y
7867;801_Campo 24 Agosto_Corujeira;183;177;1;2260;1;Y
7868;801_Corujeira_Campo 24 Agosto;177;183;1;2140;1;Y
7869;801_Corujeira_S.Roque;177;7;1;1500;1;Y
7870;801_S.Roque_Corujeira;7;177;1;1520;1;Y
7871;801_S.Roque_Stª Eulalia;7;93;1;3720;1;Y
7872;801_Stª Eulalia_S.Roque;93;7;1;3540;1;Y
7873;801_Stª Eulalia_S.Pedro da Cova;93;157;1;2870;1;Y
7874;801_S.Pedro da Cova_Stª Eulalia;157;93;1;2820;1;Y
7875;701_Bolhao_Marques;23;9;1;1250;1;Y
7876;701_Marques_Bolhao;9;23;1;1400;1;Y
7877;701_Marques_Areosa;9;27;1;2940;1;Y
7878;701_Areosa_Marques;27;9;1;2950;1;Y
7879;701_Areosa_Alto da Maia;27;123;1;3360;1;Y
7880;701_Alto da Maia_Areosa;123;27;1;3420;1;Y
7881;701_Alto da Maia_Ermesinde;123;63;1;1980;1;Y
7882;701_Ermesinde_Alto da Maia;63;123;1;1880;1;Y
7883;701_Ermesinde_Codiceira;63;64;1;5640;1;Y
7884;701_Codiceira_Ermesinde;64;63;1;6150;1;Y
7885;702_Bolhao_Marques;23;9;1;1250;1;Y
7886;702_Marques_Bolhao;9;23;1;1400;1;Y
7887;702_Marques_Areosa;9;27;1;2940;1;Y
7888;702_Areosa_Marques;27;9;1;2950;1;Y
7889;702_Areosa_Alto da Maia;27;123;1;3360;1;Y
7890;702_Alto da Maia_Areosa;123;27;1;3420;1;Y
7891;702_Alto da Maia_Travagem;123;171;1;3020;1;Y
7892;702_Travagem_Alto da Maia;171;123;1;2650;1;Y
7893;302_Aliados_Boavista;38;4;1;2390;1;Y
7894;302_Boavista_Marques;4;9;1;2120;1;Y
7895;302_Marques_Campo 24 Agosto;9;183;1;2140;1;Y
7896;302_Campo 24 Agosto_Aliados;183;38;1;1370;1;Y
7897;303_Praca_Campo 24 Agosto;5;183;1;1840;1;Y
7898;303_Campo 24 Agosto_Marques;183;9;1;2360;1;Y
7899;303_Marques_Boavista;9;4;1;2650;1;Y
7900;303_Boavista_Praca;4;5;1;3020;1;Y
7901;705_Hospital de S.Joao_Parada;28;115;1;4100;1;Y
7902;705_Parada_Hospital de S.Joao;115;28;1;3280;1;Y
7903;705_Parada_Alto da Maia;115;123;1;3340;1;Y
7904;705_Alto da Maia_Parada;123;115;1;3150;1;Y
7905;705_Alto da Maia_Ermesinde;123;63;1;2650;7;Y
7907;705_Ermesinde_Alto da Serra;63;94;1;5070;13;Y
7908;705_Alto da Serra_Ermesinde;94;63;1;4900;13;Y
7909;705_Alto da Serra_Valongo;94;122;1;5810;20;Y
7910;705_Valongo_Alto da Serra;122;94;1;5720;20;Y
7927;200_Praca da Galiza_Lordelo;19;30;1;1910;1;Y
7928;200_Lordelo_Praca da Galiza;30;19;1;1820;1;Y
7929;200_Lordelo_Mercado da Foz;30;37;1;2490;1;Y
7930;200_Mercado da Foz_Lordelo;37;30;1;2570;1;Y
7931;200_Mercado da Foz_Castelo do Queijo;37;15;1;2620;1;Y
7932;200_Castelo do Queijo_Mercado da Foz;15;37;1;2350;1;Y
7934;703_Marques_Cordoaria;9;18;1;3000;1;Y
7935;703_Marques_Areosa;9;27;1;2940;1;Y
7937;703_Areosa_Alto da Maia;27;123;1;3360;1;Y
7939;703_Alto da Maia_Ermesinde;123;63;1;1980;1;Y
7941;703_Ermesinde_Sonhos;63;161;1;1480;1;Y
7945;402_Bom Sucesso_Marques;60;9;1;2490;1;Y
7946;402_Marques_Bom Sucesso;9;60;1;3290;1;Y
7947;402_Marques_Antas;9;8;1;1820;1;Y
7948;402_Antas_Marques;8;9;1;1460;1;Y
7949;402_Antas_S.Roque;8;7;1;3440;1;Y
7950;402_S.Roque_Antas;7;8;1;2830;1;Y
7993;203_Marques_Boavista;9;4;1;3310;1;Y
7994;203_Boavista_Marques;4;9;1;2470;1;Y
7995;203_Boavista_Pinheiro Manso;4;305;1;2070;1;Y
7996;203_Pinheiro Manso_Boavista;305;4;1;2540;1;Y
11007;UOF_Lavadores;11;150;2;9200;20;Y
8001;204_Boavista_Carvalhido;4;104;1;750;1;Y
11008;Lavadores_UOF;150;11;2;9500;20;Y
11225;S.Lazaro_UON;103;1;2;8000;1;Y
8009;305_Campo 24 Agosto_Areosa;183;27;1;4170;1;Y
8010;305_Areosa_Campo 24 Agosto;27;183;1;3960;1;Y
8011;305_Areosa_Hospital de S.Joao;27;28;1;1190;1;Y
8013;400_S.Bento_S.Lazaro;1026;103;1;1570;1;Y
8015;400_S.Lazaro_Campanha;103;34;1;1330;1;Y
8016;400_Campanha_S.Lazaro;34;103;1;1560;1;Y
8017;400_Campanha_Freixo;34;51;1;930;1;Y
8018;400_Freixo_Campanha;51;34;1;1190;1;Y
8019;400_Freixo_Azevedo;51;145;1;1490;1;Y
8020;400_Azevedo_Freixo;145;51;1;1530;1;Y
11885;602_Araujo_Ponte de Moreira;41;1546;1;2010;1;Y
11886;602_Ponte de Moreira_Araujo;1546;41;1;2020;1;Y
8023;401_Campo 24 Agosto_Antas;183;8;1;1930;1;Y
8025;401_Antas_Corujeira;8;177;1;1110;1;Y
8026;401_Corujeira_Antas;177;8;1;1240;1;Y
8027;401_Corujeira_S.Roque;177;7;1;2610;1;Y
12325;603_Parada_Hospital de S.Joao;115;1486;1;4220;12;Y
8031;201_Praca da Galiza_Boavista;19;4;1;750;5;Y
12326;603_Hospita de S.Joao_Marques;1486;9;1;4320;15;Y
8033;201_Boavista_Fonte da Moura;4;3;1;3040;13;Y
8035;201_Fonte da Moura_Viso;3;2;1;2940;10;Y
8036;201_Viso_Fonte da Moura;2;3;1;2960;10;Y
12405;507_Cordoaria_Boavista;18;4;1;2400;13;Y
12406;507_Boavista_Cordoaria;4;18;1;3050;13;Y
8045;502_Bolhao_Praca da Republica;23;72;1;1020;1;Y
8046;502_Praca da Republica_Bolhao;72;23;1;900;1;Y
12407;507_Boavista_Rotunda AEP;4;52;1;3500;10;Y
8048;502_Boavista_Praca da Republica;4;72;1;1660;1;Y
12408;507_Rotunda AEP_Boavista;52;4;1;2900;10;Y
8050;502_Pinheiro Manso_Boavista;305;4;1;2060;1;Y
8051;502_Pinheiro Manso_Castelo do Queijo;305;15;1;3070;1;Y
8052;502_Castelo do Queijo_Pinheiro Manso;15;305;1;3200;1;Y
11488;Fonte da Moura_UOF;3;11;2;2100;1;Y
11565;205_Areosa_Hospital de S.Joao Exterior;27;1486;1;1460;1;Y
8055;506_Hospital de S.Joao_S.Mamede;28;39;1;3140;1;Y
8058;506_S.Mamede_Padrao da Legua;39;606;1;2140;1;Y
8059;506_Padrao da Legua_S.Mamede;606;39;1;2360;1;Y
11405;801_Bolhao_Campo 24 Agosto;82;183;1;2000;1;Y
11406;801_Campo 24 Agosto_Bolhao;183;82;1;2000;1;Y
8089;600_Amial-Ponte da Pedra;73;74;1;2490;1;Y
8090;600_Ponte da Pedra_Amial;74;73;1;2290;1;Y
11487;UOF_Fonte da Moura;11;3;2;5000;1;Y
11566;205_Hospital de S.Joao Exterior_Amial;1486;73;1;1040;1;Y
8105;601_Freixieiro_Aeroporto;86;107;1;2900;1;Y
8106;601_Aeroporto_Freixieiro;107;86;1;3000;1;Y
8107;706_Hospital de S.Joao_Areosa;28;27;1;1610;1;Y
8108;706_Areosa_Hospital de S.Joao;27;28;1;2080;1;Y
8109;706_Areosa_Parada;27;115;1;5030;1;Y
8110;706_Parada_Areosa;115;27;1;4810;1;Y
8111;706_Parada_Monte Penedo;115;1113;1;4420;1;Y
8112;706_Monte Penedo_Parada;1113;115;1;4100;1;Y
8113;706_Monte Penedo_Travagem;1113;171;1;2890;1;Y
8114;706_Travagem_Monte Penedo;171;1113;1;2920;1;Y
8115;706_Travagem_Ermesinde;171;63;1;1980;1;Y
8116;706_Ermesinde_Travagem;63;171;1;2080;1;Y
8127;803_Rio Tinto(Igreja)_ Rio Tinto(estaca);1126;1127;1;1070;1;Y
8145;205_Campanha_Freixo;34;51;1;1580;1;Y
8146;205_Freixo_S.Roque;51;7;1;2990;1;Y
8147;205_S.Roque_Areosa;7;27;1;3330;1;Y
8150;205_Amial_Monte dos Burgos;73;42;1;1470;1;Y
8151;205_Monte dos Burgos_Rotunda AEP;42;52;1;2560;1;Y
8155;501_Boavista_Bairro de Francos;4;910;1;1500;1;Y
8156;501_Bairro de Francos_Aldoar;910;13;1;4350;1;Y
8157;501_Aldoar_Carcavelos;13;14;1;1570;1;Y
8158;501_Carcavelos_Matosinhos;14;1106;1;1050;3;Y
8164;508_Freixieiro_Cabo do Mundo;86;76;1;4320;1;Y
8165;803_Bom Sucesso_Carvalhido;60;104;1;1300;1;Y
8166;803_Carvalhido_Hospital de S.Joao;104;28;1;4850;1;Y
9346;204_Foz_Lordelo;946;30;1;2940;8;Y
12747;UON_Areias;1;1746;2;5000;20;Y
9345;204_Lordelo_Foz;30;946;1;3150;8;Y
12748;Areias_UON;1746;1;2;9300;20;Y
10185;Codiceira_UOF;64;11;2;18100;1;Y
11207;604_Padrao de Moreira_Crestins;806;527;1;1930;1;Y
11208;604_Crestins_Padrao de Moreira;527;806;1;1930;1;Y
13145;907_Bom Sucesso_Candal;60;20;1;5420;15;Y
13146;907_Candal_Bom Sucesso;20;60;1;4880;15;Y
11807;22_Carmo_Praca;1226;5;1;540;1;Y
11965;UOF_Bolhao Mercado;11;82;2;9400;1;Y
11966;Bolhao Mercado_UOF;82;11;2;7800;1;Y
11145;UON_Alto da Serra;1;94;2;14400;1;Y
11146;Alto da Serra_UON;94;1;2;14200;20;Y
11665;UON_Dragao;1;1506;2;1;10;Y
11666;Dragao_UON;1506;1;2;4000;10;Y
12725;UON_Bairro de Santo Eugenio;1;142;2;3500;15;Y
1103;Carvalhido_UOF;104;11;2;2500;5;Y
805292;500_Praca da Liberdade_Massarelos;5;68;1;2510;1;Y
805293;500_Massarelos_Praca da Liberdade;68;5;1;3040;1;Y
12925;Areosa_UOF;27;11;2;5000;20;Y
805432;201_Aliados_Praca da Galiza;38;19;1;2980;10;Y
805433;201_Praca da Galiza_Aliados;19;38;1;2170;10;Y
806034;904_Aliados_Gaia Camara;38;908;1;3680;1;Y
1426;604_S.Mamede_Hospital de S.Joao;39;28;1;2540;5;Y
1457;61_S.Mamede_Formiga;39;125;1;6900;14;Y
1459;61_Formiga_Valongo;125;122;1;7560;18;Y
1461;61_Valongo_Formiga;122;125;1;7110;18;Y
1463;61_Formiga_S.Mamede;125;39;1;6960;13;Y
1469;Valpi_Valongo;127;122;2;5000;1;Y
1470;Valongo_Valpi;122;127;2;5000;1;Y
1472;61_Sra da Hora-Matosinhos;45;16;1;5300;13;Y
1474;61_Matosinhos_Sra da Hora;16;45;1;5630;13;Y
1476;61_Sra da Hora_S.Mamede;45;39;1;4210;14;Y
1478;61_S.Mamede_Sra da Hora;39;45;1;4190;14;Y
806035;904_Gaia Camara_Aliados;908;38;1;3390;1;Y
806334;UOF_Ponte Luiz I;11;1149;2;8000;1;Y
806335;Ponte Luiz I_ UOF;1149;11;2;8000;1;Y
1578;700_Bolhao Mercado_S.Roque;82;7;1;4650;13;Y
1580;700_S.Roque_Seixo;7;137;1;4680;14;Y
1581;700_Seixo_Valongo;137;122;1;6470;18;Y
1583;700_Valongo_Seixo;122;137;1;6080;18;Y
1585;700_Seixo_S.Roque;137;7;1;4400;14;Y
1586;700_S.Roque_Bolhao Mercado;7;82;1;4560;13;Y
1592;700_Seixo_Campo;137;140;1;8290;25;Y
1594;700_Campo_Seixo;140;137;1;8300;25;Y
1600;Valpi_Campo;127;140;2;3110;1;Y
1601;Campo_Valpi;140;127;2;2650;1;Y
1626;Matosinhos_UON;16;1;2;6470;13;Y
1628;UON_Matosinhos;1;16;2;7000;15;Y
1635;206_Viso_Bairro de Stº.Eugenio;2;142;1;2370;6;Y
1637;206_Bairro de Stº. Eugenio_Viso;142;2;1;2000;5;Y
1653;UOF_Carvalhido;11;104;2;3275;7;Y
1654;UOF_Viso;11;2;2;1300;3;Y
1655;Viso_UOF;2;11;2;2500;3;Y
1661;Bom Sucesso_UON;60;1;2;4300;10;Y
1662;UON_Bom Sucesso;1;60;2;4300;15;Y
1663;UON_Aliados;1;38;2;6000;20;Y
1851;UOF_Bom Sucesso;11;60;2;3100;6;Y
10745;UON_S. Pedro da Cova;1;157;2;19000;1;Y
10746;UON_Gondomar;1;134;2;14100;1;Y
11345;200_Cordoaria_Praca da Galiza;18;19;1;2000;1;Y
11346;200_Praca da Galiza_Cordoaria;19;18;1;2000;1;Y
10705;UON_Sonhos;1;161;2;13100;1;Y
11349;600_Amial_S.Mamede;73;39;1;2000;1;Y
11865;UOF_Estadio do Dragao;11;1506;2;5000;1;Y
11866;Dragao_UOF;1506;11;2;5000;1;Y
11427;203_Mercado da Foz_Castelo do Queijo;37;15;1;2620;8;Y
11428;203_Castelo do Queijo_Mercado da Foz;15;37;1;2350;8;Y
2242;UOF_Lidador;11;155;2;2600;5;Y
12765;35_Dragão_Matosinhos;1506;16;1;10000;25;Y
2292;703_Sonhos_Ermesinde;161;63;1;1960;5;Y
12766;35_Matosinhos_Dragão;16;1506;1;10000;25;Y
12767;37_Sto Ovidio_Hospital de S.Joao;53;28;1;10000;25;Y
12768;36_Hospital de S.Joao_Sto Ovidio;28;53;1;10000;25;Y
12769;36_Aeroporto_Norteshopping;107;1186;1;10000;25;Y
2309;201_Boavista_Praca da Galiza;4;19;1;680;5;Y
12770;37_Norteshopping_Aeroporto;1186;107;1;10000;25;Y
2346;Bom Sucesso_UOF;60;11;2;3200;7;Y
12445;205_Rotunda AEP_Lidador;52;155;1;800;1;Y
12771;UOF_Matosinhos;11;16;2;5000;15;Y
12447;205_Lidador_Castelo do Queijo;155;15;1;3580;1;Y
12448;205_Castelo do Queijo_Lidador;15;155;1;3550;1;Y
12666;Barca_UOF;426;11;2;12000;1;Y
12772;Matosinhos_UOF;16;11;2;5000;15;Y
12773;UON_Norteshopping;1;1186;2;3400;15;Y
12774;Norteshopping_UON;1186;1;2;4600;15;Y
2501;Areosa_UON;27;1;2;4900;10;Y
2503;UON_Alto da Maia;1;123;2;8300;14;Y
2522;UOM_Massarelos;170;68;2;50;1;Y
2523;Massarelos_UOM;68;170;2;50;1;Y
2569;UON_Castelo do Queijo;1;15;2;7700;10;Y
2614;5M_Alto da Maia_Areosa;123;27;1;3420;8;Y
2640;502_Praca da Republica-Bolhao;72;23;1;910;3;Y
2661;Bolhao_UON;23;1;2;6300;21;Y
2680;401_S.Roque_Corujeira;7;177;1;3140;12;Y
2745;99_Praca_Carmo;5;18;1;430;13;Y
2751;99_Cordoaria_Praca;18;5;1;600;10;Y
3102;Castelo do Queijo_UON;15;1;2;8900;30;Y
11945;Rio Tinto_UOF;133;11;2;10600;1;Y
10685;Gondomar_UON;134;1;2;13600;1;Y
10905;207_Campanha_Batalha;34;36;1;2230;1;Y
805615;48_Cordoaria_Trindade;18;746;1;5000;1;Y
12845;67_Areosa-Queimodromo;27;1686;1;5000;25;Y
11625;203_Pinheiro Manso_Mercado da Foz;305;37;1;2480;1;Y
805614;48_Trindade_Cordoaria;746;18;1;5000;1;Y
805814;905_Batalha_Gaia Camara;36;908;1;5000;1;Y
805834;UON_Batalha;1;36;2;4500;1;Y
805835;Batalha_UON;36;1;2;4500;1;Y
11626;203_Mercado da Foz_Pinheiro Manso;37;305;1;2470;1;Y
806396;Praca Cidade Salvador_UOF;800266;11;2;5000;1;Y
12605;204_Carvalhido_Casa da Musica;104;1112;1;1540;5;Y
3862;UOF_Aeroporto;11;107;2;10800;19;Y
3863;Aeroporto_UOF;107;11;2;11500;19;Y
4062;UON_Parada;1;115;2;3400;13;Y
4122;UOF_Rotunda AEP;11;52;2;1900;3;Y
4123;Rotunda AEP_UOF;52;11;2;1800;3;Y
4286;401_Antas_Campo 24 Agosto;8;183;1;2070;4;Y
4542;Monte dos Burgos_UOF;42;11;2;3650;9;Y
4662;UON_S.Roque;1;7;2;7600;24;Y
4663;S.Roque_UON;7;1;2;7500;24;Y
5042;S.Pedro da Cova_UON;157;1;2;18000;24;Y
5162;7M_Corujeira_Campo 24 Agosto;177;183;1;2140;6;Y
5262;Santo Ovidio_UON;53;1;2;12700;20;Y
5263;UON_Santo Ovidio;1;53;2;13000;20;Y
5665;1_Infante_Massarelos;67;68;1;1480;10;Y
5668;1_Passeio Alegre_Massarelos;25;68;1;2960;15;Y
5785;UON_Campanha;1;34;2;9400;1;Y
5786;Campanha_UON;34;1;2;9400;1;Y
5927;S.Roque_UOF;7;11;2;8100;15;Y
5945;Cabo do Mundo_UOF;76;11;2;10300;1;Y
6245;Leca_UOF;75;11;2;6900;20;Y
6469;Esposade_UOF;90;11;2;7500;14;Y
10625;UON_RioTinto(estacao);1;1127;2;7900;1;Y
12007;5M_Marques_Aliados;9;38;1;2100;1;Y
6665;UON_Bolhao;1;23;2;5800;30;Y
6666;UON_Ermesinde;1;63;2;13400;25;Y
6667;Ermesinde_UON;63;1;2;12800;25;Y
6690;45-C.Mundo-Freixieir;76;86;1;3650;10;Y
12009;603_Marques_Hospital de S.Joao;9;28;1;3920;1;Y
6805;Infante_UOF;67;11;2;5000;20;Y
12585;UOF_Ponte de Moreira;11;1546;2;12800;20;Y
12525;Rio Tinto(estacao)_UON;1127;1;2;5800;1;Y
12586;Ponte de Moreira_UOF;1546;11;2;11500;20;Y
6854;3M_Araujo-Monte dos Burgos;41;42;1;4360;12;Y
6965;UOF_Campanha;11;34;2;10400;20;Y
6966;Campanha_UOF;34;11;2;10000;20;Y
13265;UOF_Campo 24 de Agosto;11;183;2;5000;20;Y
400201;Bolhao_Valpi;82;127;2;10000;20;Y
400203;Valpi_Bolhao;127;82;2;10000;20;Y
400491;1M_Castelo do Queijo_Mercado da Foz;15;37;1;3070;5;Y
400723;3M_Monte dos Burgos_Aliados;42;38;1;5010;13;Y
7165;Codiceira_UON;64;1;2;17300;30;Y
805774;UOF_Infante;11;67;2;6100;1;Y
7305;1M_Aliados_Massarelos;38;68;1;2640;5;Y
7306;1M_Massarelos_Aliados;68;38;1;2910;5;Y
7312;500_Castelo do Queijo_Passeio Alegre;15;25;1;2860;5;Y
7319;4M_Amial_Ponte da Pedra;73;74;1;2490;5;Y
7321;4M_Ponte da Pedra_Maia;74;40;1;3700;8;Y
7323;8M_Aliados_Campo 24 Agosto;38;183;1;1210;3;Y
7331;8M_Stª Eulalia_S.Pedro da Cova;93;157;1;2610;8;Y
7332;8M_S.Pedro da Cova_Stª Eulalia;157;93;1;2550;8;Y
7339;9M_S.Roque-Gondomar;7;134;1;7110;13;Y
7342;9M_Gondomar-S.Roque;134;7;1;6320;13;Y
7343;12M_Aliados_Praca da Galiza;38;19;1;2040;5;Y
7344;12M_Praca da Galiza_Aliados;19;38;1;3030;5;Y
7345;12M_Praca da Galiza_Candal;19;20;1;5350;5;Y
7346;12M_Candal_Praca da Galiza;20;19;1;4880;5;Y
7347;12M_Candal_Coimbroes;20;21;1;1370;7;Y
7348;12M_Coimbroes_Candal;21;20;1;1100;5;Y
7349;12M_Coimbroes_Gaiashopping;21;99;1;2180;5;Y
7350;12M_Gaiashopping_Coimbroes;99;21;1;2150;5;Y
7365;5M_Aliados_Marques;38;9;1;2100;3;Y
7367;5M_Marques_Areosa;9;27;1;3420;10;Y
7369;5M_Areosa_Alto da Maia;27;123;1;2950;8;Y
7373;11M_Aliados_Camara de Gaia;38;908;1;3180;8;Y
7374;11M_Camara de Gaia_Aliados;908;38;1;3210;8;Y
7376;11M_Coimbroes_Camara de Gaia;21;908;1;3270;7;Y
7389;3M_Monte dos Burgos_Araujo;42;41;1;4320;8;Y
7392;7M_Campo 24 Agosto_Aliados;183;38;1;1390;3;Y
804972;Campo_UOF;140;11;2;20800;30;Y
7403;13M_Aliados_Boavista;38;4;1;2820;10;Y
7404;13M_Boavista_Aliados;4;38;1;3430;10;Y
1;UON_Viso;1;2;2;3900;7;Y
11325;UOF_Rio Tinto;11;133;2;11800;1;Y
4;201_Fonte da Moura_Boavista;3;4;1;3010;15;Y
9;Praca_UON;5;1;2;6100;153;Y
10;UON_Praca;1;5;2;6000;89;Y
19;Viso_UON;2;1;2;4000;9;Y
11845;UOF_Trindade;11;746;2;5800;1;Y
11846;Trindade_UOF;746;11;2;6400;1;Y
12085;UOF_Marques;11;9;2;4700;1;Y
12086;Marques_UOF;9;11;2;5600;1;Y
12105;UOF_Maia Forum;11;1109;2;11000;1;Y
12665;Bairro de Santo Eugenio_UON;142;1;2;2700;10;Y
138;Praca_UOF;5;11;2;7100;11;Y
139;UOF_Praca;11;5;2;5500;11;Y
140;Boavista_UOF;4;11;2;3100;6;Y
141;UOF_Boavista;11;4;2;2700;6;Y
145;UOF_Castelo do Queijo;11;15;2;4900;13;Y
146;Castelo do Queijo_UOF;15;11;2;4900;7;Y
165;UOF_Cordoaria;11;18;2;5000;10;Y
166;Cordoaria_UOF;18;11;2;5300;10;Y
303;UOF_Aliados;11;38;2;5600;11;Y
304;Aliados_UOF;38;11;2;6700;11;Y
306;UOF_Monte dos Burgos;11;42;2;3100;7;Y
307;UOF_Hospital de S.Joao;11;28;2;6000;15;Y
308;Hospital de S.Joao_UOF;28;11;2;5500;13;Y
386;UON_Hospital de S.Joao;1;28;2;3800;8;Y
387;Hospital de S.Joao_UON;28;1;2;2000;3;Y
427;UON_Marques;1;9;2;5400;51;Y
428;Marques_UON;9;1;2;5000;34;Y
525;4M_Ponte da Pedra_Amial;74;73;1;2290;7;Y
773;UON_Cordoaria;1;18;2;7200;14;Y
774;Cordoaria_UON;18;1;2;6900;15;Y
831;704_Areosa_Hospital de S.Joao;27;28;1;1700;3;Y
7431;10M_Santo Ovidio_Vila d'Este;53;146;1;3280;8;Y
7432;10M_Vila d'Este_Santo Ovidio;146;53;1;3250;8;Y
804247;89_Stº Ovidio_Aliados;53;38;1;10000;25;Y
804245;89_Aliados_Sto Ovidio;38;53;1;10000;25;Y
804209;79_Aliados_Areosa;38;27;1;5500;1;Y
804211;79_Areosa_Aliados;27;38;1;5500;1;Y
805554;Araujo_UOF;41;11;2;8000;1;Y
806415;100_Boavista_Batalha;4;36;1;5000;1;Y
804445;Alfandega_UON;50;1;2;9000;1;Y
806416;100_Boavista_Rotunda do Bessa;4;800447;1;3000;1;Y
805916;Praca da Galiza_ UOF;19;11;2;5000;1;Y
805954;809_ Infante_Serralves;67;1246;1;5000;1;Y
805955;809_Serralves_Infante;1246;67;1;5000;1;Y
806414;100_Batalha_Boavista;36;4;1;5000;1;Y
806417;100_Rotunda do Bessa_Boavista;800447;4;1;3000;1;Y
806418;100_Rotunda do Bessa_Rotunda AEP;800447;52;1;2000;1;Y
807564;UON_Maia-Zoo;1;1306;2;6600;1;Y
807565;Maia-Zoo_UON;1306;1;2;8200;1;Y
807571;205_Campanha_S.Roque;34;7;1;4570;1;Y
807572;205_S.Roque_Campanha;7;34;1;4270;1;Y
807573;205_S.Roque_H.S.Joao;7;1486;1;4790;1;Y
807574;205_H.S.Joao_S.Roque;28;7;1;4710;1;Y
807575;205_H.S.Joao_Monte dos Burgos;1486;42;1;1255;1;Y
807576;205_Monte dos Burgos_H.S.Joao;42;28;1;2600;1;Y
807577;205_Monte dos Burgos_Lidador;42;155;1;3360;1;Y
807578;205_Lidador_Monte dos Burgos;155;42;1;3300;1;Y
807594;UON_Amial;1;73;2;2600;1;Y
807595;Amial_UON;73;1;2;600;1;Y
807596;UON_Maia;1;40;2;6800;1;Y
807597;Maia_UON;40;1;2;8000;1;Y
807694;300_Santa Luzia_H.S.Joao;65;28;1;3220;1;Y
807878;108_Matosinhos Mercado_C.Queijo;1066;15;1;2890;1;Y
807879;108_C.Queijo_Matosinhos Mercado;15;1066;1;2520;1;Y
807978;920_Ponte.D.Luis_Largo Aviadores;1149;800527;1;1600;1;Y
807979;920_Largo Aviadores_Ponte D.Luis;800527;1149;1;1700;1;Y
807980;920_Largo Aviadores_S.Ovidio;800527;53;1;1100;1;Y
807981;920_S.Ovidio_Largo Aviadores;53;800527;1;1400;1;Y
807982;UON_Ponte Luis I;1;1149;2;11600;1;Y
807983;Ponte Luis I_UON;1149;1;2;11600;1;Y
807998;Amial_UOF;73;11;2;4900;1;Y
808021;150_Gomes da Costa_Praça do Imperio;800647;800648;1;2450;1;Y
808019;150__Boavista_Gomes da Costa;4;800647;1;3000;1;Y
808020;150_Gomes da Costa_Boavista;800647;4;1;3000;1;Y
808022;150_Praça do Imperio_Gomes da Costa;800648;800647;1;2450;1;Y
808023;151_Gomes da Costa_Rotunda Anemona;800647;800266;1;3080;1;Y
808024;151_Rotunda Anemona_Gomes da Costa;800266;800647;1;3080;1;Y
808025;151_Boavista_Gomes da Costa;4;800647;1;3000;1;Y
808026;151_Gomes da Costa_Boavista;800647;4;1;3000;1;Y
808038;UON_Queimodromo;1;1686;2;8600;1;Y
808039;Queimodromo_UON;1686;1;2;8600;1;Y
808058;UON_Matosinhos-Praia;1;1106;2;8000;1;Y
808059;Matosinhos-Praia_UON;1106;1;2;8200;1;Y
808060;UON_B.Francos;1;910;2;4100;1;Y
808138;69_Areosa_Queimodromo;27;1686;1;9500;1;Y
808118;UON_Araujo;1;41;2;5500;1;Y
808119;Araujo_UON;41;1;2;5500;1;Y
808139;69_Queimodromo_Areosa;1686;27;1;9500;1;Y
808140;UON_Areosa;1;27;2;5300;1;Y
808141;68_Aliados_Queimodromo;38;1686;1;10000;1;Y
807494;UON_Maia-Forum;1;1109;2;6800;1;Y
807514;UON_Candal;1;20;2;8600;1;Y
807515;Candal_UON;20;1;2;8600;1;Y
807516;UON_Cabine;1;110;2;12000;1;Y
807517;Cabine_UON;110;1;2;12000;1;Y
807518;UON_Valadares;1;113;2;13000;1;Y
807519;Valadares_UON;113;1;2;13000;1;Y
807524;UON_Madalena;1;112;2;10800;1;Y
807525;Madalena_UON;112;1;2;10800;1;Y
807534;UON_PR.D.Joao I;1;800427;2;6100;1;Y
807918;809_Palacio_Alfandega;800627;50;1;2500;1;Y
807569;604_Padrao de Moreira_Aeroporto;806;107;1;4790;1;Y
807570;604_Aeroporto_Padrao de Moreira;107;806;1;4980;1;Y
807579;UON_Casa da Musica;1;1112;2;3800;1;Y
807580;Casa da Musica_UON;1112;1;2;3700;1;Y
807581;UON_Foz;1;946;2;7100;1;Y
807582;Foz_UON;946;1;2;8100;1;Y
807614;UON_Vale Formoso;1;1286;2;3500;1;Y
807615;Vale Formoso_UON;1286;1;2;2500;1;Y
807638;UOF_Valadares Estação;11;163;2;10000;1;Y
807639;Valadares Estação_UOF;163;11;2;10000;1;Y
807640;403_Casa da Musica_Massarelos;1112;68;1;2100;1;Y
807641;403_Massarelos_Casa da Musica;68;1112;1;2000;1;Y
807714;UON_Boavista;1;4;2;3900;1;Y
807715;Boavista_UON;4;1;2;4200;1;Y
807716;UON_S.Bento;1;1026;2;6300;1;Y
807717;S.Bento_UON;1026;1;2;6600;1;Y
807919;809_Alfandega_Palacio;50;800627;1;2200;1;Y
807920;UOF_Palacio;11;800627;2;4000;1;Y
807921;Palacio_UOF;800627;11;2;4000;1;Y
807922;UOF_Alfandega;11;50;2;5000;1;Y
807923;Alfandega_UOF;50;11;2;5000;1;Y
808078;48_Palacio_C.Queijo;800627;15;1;6500;1;Y
808079;48_C.Queijo_Palacio;15;800627;1;6500;1;Y
807474;809_Marques-Monte Cativo;9;800607;1;1500;1;Y
807475;809_Monte Cativo_Marqes;800607;9;1;1200;1;Y
807554;502_Bolhao_Casa da Musica;23;1112;1;2720;1;Y
807555;502_Boavista_Bolhao;4;23;1;2560;1;Y
807556;503_Bom Sucesso_Pinheiro Manso;60;305;1;4090;1;Y
807557;503_Pinheiro Manso_Bom Sucessso;305;60;1;3740;1;Y
807754;300_Campo 24 de Agosto_Praça D.João I;183;800427;1;1460;1;Y
807756;301_Cordoaria_Campo 24 de Agosto;18;183;1;1800;1;Y
807560;803_H.S.Joao_Rio Tinto(estação);28;1127;1;4330;1;Y
807561;803_Rio Tinto(estaçao)_H.S.Joao;1127;28;1;4330;1;Y
807562;803_Rio Tinto(estaçao)_Rio Tinto;1127;133;1;3710;1;Y
807568;Areias_UOF;1746;11;1;11620;1;Y
807566;Freixo_UOF;51;11;2;9400;1;Y
807567;UOF_Areias;11;1746;2;13420;1;Y
807634;UON_Monte dos Burgos;1;42;2;1400;1;Y
807635;Monte dos Burgos_UON;42;1;2;2000;1;Y
807636;UON_Lidador;1;155;2;3000;1;Y
807637;Lidador_UON;155;1;2;3000;1;Y
807674;704_H.S.Joao_Alto da Maia;28;123;1;4800;1;Y
807675;704_Alto da Maia_H.S.Joao;123;28;1;4930;1;Y
807676;304_Aliados_Vale Formoso;38;1286;1;2280;1;Y
807755;300_Praça D.João I_Carvalhido;800427;104;1;3180;1;Y
807774;200_Castelo do Queijo_Anémona;15;800266;1;1000;1;Y
807775;200_Anémona_Castelo do Queijo;800266;15;1;1000;1;Y
807838;500_Castelo do Queijo_Anemona;15;800266;1;1000;1;Y
807839;500_Anemona_Castelo do Queijo;800266;15;1;1000;1;Y
807898;Aliados_Bolhão;38;23;1;1000;1;Y
807958;910_Cordoaria_Ribeira;18;907;1;3600;1;Y
807959;910_Ribeira_S.Bento;907;1026;1;800;1;Y
807962;910_S.Bento_Ribeira;1026;907;1;800;1;Y
807963;910_Ribeira_ S.Bento;907;18;1;3500;1;Y
807454;38_Parque Oriental_S Roque;800587;7;1;3000;1;Y
807455;38_S.Roque_ Estadio Dragão;7;1506;1;1000;1;Y
807456;38_Estadio Dragão_ Parque Oriental;1506;800587;1;2600;1;Y
807458;Parque Oriental_ UOF;800587;11;2;3000;1;Y
807654;UON_Aldoar;1;13;2;6200;1;Y
807655;Aldoar_UON;13;1;2;6200;1;Y
807659;Ponte Moreira_UON;1546;1;2;10100;1;Y
807660;Guardeiras_UON;400041;1;2;10900;1;Y
807658;UON_Ponte Moreira;1;1546;2;9000;1;Y
807661;903_Casa da Musica_Candal;1112;20;1;6560;1;Y
807662;903_Candal_Casa da Musica;20;1112;1;6010;1;Y
805974;UON_Campo 24 de Agosto;1;183;2;3500;1;Y
8625;502_Castelo do Queijo_Matosinhos;15;1066;1;2520;1;Y
8626;502_Matosinhos_Castelo do Queijo;1066;15;1;2890;1;Y
8645;1_Massarelos_Passeio Alegre;68;25;1;3180;1;Y
8665;18_Massarelos_Carmo;68;1226;1;1470;10;Y
8666;18_Carmo_Massarelos;1226;68;1;1710;10;Y
8685;1_Massarelos_Infante;68;67;1;1650;1;Y
805132;500_Infante_Massarelos;67;68;1;1500;5;Y
805133;500_Massarelos_Infante;68;67;1;1500;5;Y
8806;104_Massarelos_Bom Sucesso;68;60;1;1080;5;Y
805975;Campo 24 de Agosto_UON;183;1;2;3500;1;Y
8865;302_Campo 24 Agosto_Batalha;183;36;1;1500;1;Y
8866;303_Batalha_Campo 24 Agosto;36;183;1;1500;1;Y
806054;Vale Formoso_UOF;1286;11;2;4100;1;Y
8905;1_UOM_Massarelos;170;68;1;100;1;Y
12065;UOF_Maia;11;40;2;11000;1;Y
10767;904_Batalha_Gaia Camara;36;908;1;2100;1;Y
8946;600_S.Mamede_Amial;39;73;1;2000;1;Y
12066;Maia_UOF;40;11;2;9400;1;Y
12067;UOF_Vale Formoso;11;1286;2;4900;1;Y
806095;901_Cabine_Coimbrões;110;21;1;3650;1;Y
805332;208_Aliados_Boavista;38;4;1;3720;15;Y
805333;208_Boavista_Aliados;4;38;1;3220;15;Y
806316;207_Praca da Galiza_S.Bento;19;1026;1;2060;1;Y
9005;Bolhao_UOF;23;11;2;5400;1;Y
9025;UOF_Bolhao;11;23;2;5300;1;Y
10768;904_Gaia Camara_Batalha;908;36;1;2580;1;Y
10785;UON_Coimbroes;1;1207;2;10200;1;Y
10786;Coimbroes_UON;1207;1;2;10200;1;Y
806234;Coimbroes Sul_UOF;1207;11;2;7300;1;Y
806235;UOF_Coimbroes Sul;11;1207;2;8000;1;Y
806317;207_S.Bento_Campanha;1026;34;1;2730;1;Y
12128;303-Boavista-Cordoaria;4;18;1;2320;1;Y
806318;UOF_Praca D.Joao I;11;800427;2;5000;1;Y
10805;UON_Codiceira;1;64;2;16200;1;Y
10865;UON_Travagem;1;171;2;14700;1;Y
10866;Travagem_UON;171;1;2;14500;1;Y
11226;UON_S. Lazaro;1;103;2;8000;1;Y
9445;200_Bolhao_Praca da Galiza;23;19;1;2590;15;Y
9446;200_Praca da Galiza_Bolhao;19;23;1;3470;1;Y
9765;Foz_UOF;946;11;2;5100;1;Y
11245;800_Bolhao_Campo 24 Agosto;82;183;1;950;1;Y
9625;903_Stº Ovidio_Laborim;53;54;1;2780;1;Y
9626;903_Laborim_Stº Ovidio;54;53;1;2730;1;Y
9645;603_Vermoim_MaiaZoo;1206;1306;1;3400;1;Y
9646;603_MaiaZoo_Vermoim;1306;1206;1;3600;1;Y
9667;UOF_Bairro de Francos;11;910;2;1600;1;Y
9668;Bairro de Francos_UOF;910;11;2;2000;1;Y
9669;UOF_Aldoar;11;13;2;3300;1;Y
9670;Aldoar_UOF;13;11;2;3400;1;Y
9766;UOF_Foz;11;946;2;4500;1;Y
9945;803_Rio Tinto(Igreja)_Rio Tinto;1126;133;1;2940;1;Y
9965;UOF_Candal;11;20;2;6300;1;Y
9966;Candal_UOF;20;11;2;3000;1;Y
9985;905_Gaia Camara_Soares dos Reis;908;906;1;1830;1;Y
9986;905_Soares dos Reis_Stº Ovidio;906;53;1;990;1;Y
9989;905_Stº Ovidio_Soares dos Reis;53;906;1;870;1;Y
9990;905_Soares dos Reis_Gaia Camara;906;908;1;1190;1;Y
9991;905_Gaia Camara_Batalha;908;36;1;2580;1;Y
9992;905_Batalha_Bolhao;36;23;1;1080;1;Y
10051;106_Valadares_Francelos;163;180;1;4760;1;Y
10052;106_Francelos_Valadares;180;163;1;5380;1;Y
10145;UON_Freixo;1;51;2;8100;1;Y
10425;707_Hospital de S.Joao_Areosa;28;27;1;1980;1;Y
10427;707_Areosa_Parada;27;115;1;4660;1;Y
10433;707_Travagem_Ermesinde;171;63;1;1980;1;Y
10445;707_Parada_Travagem;115;171;1;7310;1;Y
10446;707_Travagem_Parada;171;115;1;7630;1;Y
11246;800_Campo 24 Agosto_Bolhao;183;82;1;840;1;Y
11445;UOF_Cabo do Mundo;11;76;2;11300;1;Y
11765;600_Ponte da Pedra_Maia;74;40;1;3470;1;Y
11766;600_Maia_Ponte da Pedra;40;74;1;3800;1;Y
11767;600_Maia_Barca;40;426;1;3560;1;Y
11768;600_Barca_Maia;426;40;1;3560;1;Y
9266;500_Matosinhos Mercado_Castelo do Queijo;1066;15;1;2890;1;Y
9705;604_Crestins_Aeroporto;527;107;1;2860;1;Y
9706;604_Aeroporto_Crestins;107;527;1;3050;1;Y
9725;301_Praca_Campo 24 Agosto;5;183;1;1430;1;Y
9728;301_Carvalhido_Praca;104;5;1;4060;1;Y
9729;300_Hospital de S.Joao_Silva Tapada;28;49;1;2570;1;Y
9730;300_Silva Tapada_Campo 24 Agosto;49;183;1;2520;1;Y
805494;202_Boavista_Ramalde;4;800307;1;3070;10;Y
9827;600_Vale de Formoso_Amial;1286;73;1;1860;1;Y
9828;600_Amial_Vale Formoso;73;1286;1;2070;1;Y
9845;601_Cordoaria_Boavista;18;4;1;2400;1;Y
9846;601_Boavista_Cordoaria;4;18;1;2700;1;Y
9847;601_Boavista_Rotunda da AEP;4;52;1;3500;1;Y
11985;206_Campo 24 Agosto_Marques Constituiçao;183;1586;1;2060;1;Y
11986;206_Marques Constituiçao_Carvalhido;1586;104;1;2390;1;Y
12049;UOF_S.Mamede;11;39;2;4000;1;Y
806236;UOF_Araujo;11;41;2;10000;1;N
806354;66_Trindade_Queimodromo;746;1686;1;10000;1;Y
805495;202_Ramalde_Boavista;800307;4;1;2400;10;Y
12045;505_Hospital de S.Joao_S.Mamede;28;39;1;2060;1;Y
805496;202_Ramalde_Fonte da Moura;800307;3;1;1000;1;Y
805497;202_Fonte da Moura_Ramalde;3;800307;1;940;5;Y
805498;UOF_Ramalde;11;800307;2;1200;1;Y
12345;S.Mamede_UOF;39;11;2;5000;1;Y
13207;101-Lordelo-Av.França;30;1787;1;6430;30;Y
13208;101-Lordelo-Av.França;30;1787;1;6430;30;Y
13212;208-Boavista-B.Francos;4;910;1;2120;5;Y
13213;208-Boavista-B.Francos;4;910;1;2120;5;Y
13214;208_Boavista_Bairro de Francos;4;910;1;1500;5;Y
13215;208_Bairro de Francos_Boavista;910;4;1;1260;5;Y
13216;208_Bairro de Francos_Aldoar;910;13;1;6180;20;Y
13217;208_Aldoar_Bairro de Francos;13;910;1;6230;20;Y
13218;35_C.Musica_Sra da Hora;1112;45;1;5000;15;Y
13219;35_Sra da Hora_Casa da Musica;45;1112;1;5000;15;Y
13225;801_Campo 24 Agosto_Cordoaria;183;18;1;2800;1;Y
13226;801_Cordoaria_Campo 24 Agosto;18;183;1;1840;1;Y
13224;Campo 24 de Agosto_UOF;183;11;2;6000;20;Y
805499;Ramalde_UOF;800307;11;2;1200;1;Y
805694;UON_Fanzeres;1;800347;2;9500;1;Y
805695;Fanzeres_UON;800347;1;2;9500;1;Y
805696;UON_Levada;1;800367;2;7500;1;Y
805697;Levada_UON;800367;1;2;7500;1;Y
805714;201_Cordoaria_Boavista;18;4;1;3000;1;Y
805715;201_Boavista_Cordoaria;4;18;1;3000;1;Y
806074;400_S.Lazaro_Trindade;103;746;1;2000;1;Y
13242;66_Aliados_Queimodro;38;1686;1;5000;1;Y
13243;66_Queimodro_Aliados;1686;38;1;5000;1;Y
805934;69_Aliados_Boavista;38;4;1;2000;1;Y
806075;400_Trindade_S.Lazaro;746;103;1;2000;1;Y
13256;803_Carvalhido_Bom Sucesso;104;60;1;2220;8;Y
13257;401_Campo 24 Agosto_Bolhao;183;82;1;790;5;Y
13258;Aliados_UON;38;1;1;6100;1;Y
806355;66_Queimodromo_Trindade;1686;746;1;10000;1;Y
806356;67_Hospital de S.Joao_queimodromo;28;1686;1;10000;1;Y
806374;69_Boavista_Serralves;4;1246;1;5000;1;Y
806375;69_Serralves_Boavista;1246;4;1;5000;1;Y
13286;25_Marques_Aliados;9;38;1;1;1;Y
13298;203_Casa da Musica_Pinheiro Manso;1112;305;1;2000;8;Y
13299;203_Pinheiro Manso_Casa da Musica;305;1112;1;2000;8;Y
13300;Serralves_UOF;1246;11;2;3000;1;Y
13301;UOF_Serralves;11;1246;2;1;1;Y
400121;UOF_Maia Barca;11;426;2;13200;25;Y
400267;UON_Valongo;1;122;2;17800;1;Y
400481;1M_Massarelos_Lordelo;68;30;1;2530;8;Y
400483;1M_Lordelo_Massarelos;30;68;1;2430;8;Y
400485;1M_Lordelo_Mercado da Foz;30;37;1;2490;5;Y
400487;1M_Mercado da Foz_Lordelo;37;30;1;2570;8;Y
400489;1M_Mercado da Foz_Castelo do Queijo;37;15;1;2500;5;Y
400521;602_Ponte de Moreira_Guardeiras;1546;400041;1;2630;8;Y
400523;602_Guardeiras_Ponte de Moreira;400041;1546;1;2470;8;Y
400525;602_Guardeiras_Aeroporto;400041;107;1;4390;8;Y
400527;602_Aeroporto_Guardeiras;107;400041;1;4350;8;Y
400565;UOF_Guardeiras;11;400041;2;4000;1;Y
400567;Guardeiras_UOF;400041;11;2;12300;1;Y
400605;UON_Monte da Virgem;1;143;2;16800;30;Y
400607;Monte da Virgem_UON;143;1;2;16400;30;Y
400721;3M_Aliados_Monte dos Burgos;38;42;1;5240;13;Y
400729;3M_Araujo_Ponte de Moreira;41;1546;1;2010;5;Y
400731;3M_Ponte de Moreira_Araujo;1546;41;1;2020;5;Y
400733;3M_Ponte de Moreira_Aeroporto;1546;107;1;3120;5;Y
400735;3M_Aeroporto_Ponte de Moreira;107;1546;1;2990;5;Y
400737;4M_Aliados_Amial;38;73;1;4140;13;Y
400739;4M_Amial_Aliados;73;38;1;4730;13;Y
400741;5M_Alto da Maia_Ermesinde;123;63;1;2900;8;Y
400743;5M_Ermesinde_Alto da Maia;63;123;1;1880;8;Y
400761;13M_Boavista_Rotunda da AEP;4;52;1;4810;10;Y
400763;13M_Rotunda da AEP_Boavista;52;4;1;4420;10;Y
400765;13M_Rotunda da AEP_Matosinhos Camara;52;1108;1;3160;8;Y
400767;13M_Matosinhos Camara_Rotunda AEP;1108;52;1;2830;8;Y
806014;Campo 24 de Agosto_Valpi;183;127;2;10000;1;Y
806015;Valpi_Campo 24 Agosto;127;183;2;10000;1;Y
806194;508_Monte dos Burgos_Esposade;42;90;1;5030;1;Y
806195;508_Esposade_Monte dos Burgos;90;42;1;4350;1;Y
400961;7M_Aliados_Campo 24 Agosto;38;183;1;1240;3;Y
400965;7M_Campo 24 Agosto_Corujeira;183;177;1;2260;5;Y
806214;507_Matosinhos_Marshopping;1066;800246;1;4800;1;Y
400969;7M_Corujeira_S.Roque;177;7;1;1500;5;Y
400971;7M_S.Roque_Corujeira;7;177;1;1520;5;Y
400973;Valongo_UOF;122;11;2;17400;30;Y
806215;507_Marshopping_Matosinhos;800246;1066;1;3800;1;Y
401285;104_Infante_Alfandega;67;50;1;550;2;Y
806216;UOF_Marshopping;11;800246;2;5000;1;Y
806217;Marshopping_UOF;800246;11;2;5000;1;Y
401281;104_Cordoaria_Infante;18;67;1;1210;5;Y
401283;104_Infante_Cordoaria;67;18;1;1030;7;Y
401287;104_Alfandega_Infante;50;67;1;650;2;Y
401289;104_Alfandega_Massarelos;50;68;1;970;1;Y
401291;104_Massarelos_Alfandega;68;50;1;890;1;Y
401293;104_Bom Sucesso_Massarelos;60;68;1;2020;1;Y
401641;Madalena_UOF;112;11;2;8800;1;Y
401681;Monte da Virgem_UOF;143;11;2;12000;1;Y
807734;UON_Rotunda da AEP;1;52;2;4900;1;Y
807735;Rotunda da AEP_UON;52;1;2;5700;1;Y
400771;Ermesinde_UOF;63;11;2;13400;30;Y
807818;UOF_Coimbroes;11;21;2;7800;1;Y
13251;304-Vale Formoso-Aliados;1286;38;1;2660;10;Y
401521;Travagem_UOF;171;11;2;15100;1;Y
807794;203_Castelo Queijo_Pr Cidade Salvador;15;800266;1;1000;1;Y
807819;Coimbroes_UOF;21;11;2;7100;1;Y
13252;600_Aliados_Vale Formoso;38;1286;1;2280;10;Y
13253;600_Vale Formoso_Aliados;1286;38;1;2660;10;Y
400441;UON_Francelos;1;180;2;15400;1;Y
400443;Francelos_UON;180;1;2;16500;1;Y
400801;11M_Hospital de S.Joao_Aliados;28;38;1;5080;13;Y
400803;11M_Aliados_Hospital de S.Joao;38;28;1;5180;13;Y
400805;11M_Camara de Gaia_Coimbroes Sul;908;1207;1;3410;5;Y
400807;11M_Coimbroes Sul_Camara de Gaia;1207;908;1;2930;5;Y
400921;8M_Campo 24 Agosto_Areosa;183;27;1;3750;7;Y
400923;8M_Areosa_Campo 24 Agosto;27;183;1;4000;7;Y
400925;8M_Areosa_Rio Tinto(igreja);27;1126;1;2430;5;Y
400927;9M_S.Roque_Areosa;7;27;1;3250;5;Y
400929;8M_Rio Tinto(igreja)_Stª Eulalia;1126;93;1;3520;10;Y
400931;8M_Stª Eulalia_Rio Tinto(igreja);93;1126;1;3560;13;Y
400933;9M_Norteshopping_Monte dos Burgos;1186;42;1;2890;3;Y
400935;9M_Monte dos Burgos_Norshopping;42;1186;1;2560;3;Y
400937;9M_Monte dos Burgos_Hospital de S.Joao;42;28;1;2600;3;Y
400939;9M_Hospital de S.Joao_Monte dos Burgos;28;42;1;2510;3;Y
400941;9M_Hospital de S.Joao_Areosa;28;27;1;1610;2;Y
400943;9M_Areosa_Hospital de S.Joao;27;28;1;1540;2;Y
400945;9M_Areosa_S.Roque;27;7;1;3100;5;Y
400947;8M_Rio Tinto(igreja)_Areosa;1126;27;1;2220;5;Y
400949;S.Pedro da Cova_UOF;157;11;2;18600;30;Y
400951;Gondomar_UOF;134;11;2;14200;30;Y
401081;13M_Matosinhos Camara_Matosinhos Mercado;1108;1066;1;1700;5;Y
401083;13M_Matosinhos Mercado_Matosinhos Camara;1066;1108;1;1360;5;Y
401085;1M_Castelo do Queijo_Matosinhos Camara;15;1108;1;2030;5;N
401087;1M_Matosinhos Camara _Castelo do Queijo;1108;15;1;2060;5;Y
11808;22_Praca_Batalha;5;36;1;670;1;Y
11809;22_Batalha_Aliados;36;38;1;800;1;Y
11810;22_Aliados_Carmo;38;1226;1;570;1;Y
12465;Lidador_UOF;155;11;2;2500;1;Y
13147;907_Candal_Coimbroes;20;21;1;1470;5;Y
13148;907_Coimbroes_Candal;21;20;1;1200;5;Y
807858;108_Pr.Cidade Salvador_Matosinhos;800266;1066;1;1520;1;Y
13149;907_Coimbroes_Gaishopping;21;99;1;2070;8;Y
13150;907_Gaishopping_Coimbroes;99;21;1;1830;7;Y
13151;907_Gaiashopping_Stº Ovidio;99;53;1;2250;15;Y
803845;UON_Campo;1;140;2;20500;30;Y
803847;Campo_UON;140;1;2;20000;30;Y
804005;UOF_Gondomar;11;134;2;15400;20;Y
807796;UON_Pr Cidade Salvador;1;800266;2;6000;1;Y
803965;UOF_Valongo;11;122;2;19100;20;Y
804045;UOF_S.Pedro da Cova;11;157;2;20300;1;Y
804125;UOF_Valadares;11;113;2;10800;25;Y
804127;Valadares_UOF;113;11;2;10800;25;Y
804129;UOF_Madalena;11;112;2;8600;1;Y
806474;Freixieiro_UOF;86;11;2;9600;1;Y
806736;Cabine_UOF;110;11;2;10000;1;Y
806814;301_Carvalhido_Cordoaria;104;18;1;3690;1;Y
807797;Pr Cidade Salvador_UON;800266;1;2;6000;1;Y
806934;UOF_Ponte da Pedra;11;74;2;10000;1;Y
806954;UOF_P.Alegre;11;25;2;5300;1;Y
806994;809_Maia Forum_Maia Zoo;1109;1306;1;2500;10;Y
806995;809_Maia Zoo_Maia Forun;1306;1109;1;2500;1;Y
807014;806_Portelinha_Cabanas;130;800487;1;1000;1;Y
807015;Cabanas_ Portelinha;800487;130;1;1000;1;Y
807016;UON_Cabanas;1;800487;2;5000;1;Y
807017;Cabanas_UON;800487;1;2;5000;1;Y
807034;803_Rio Tinto (Estação_Rio Tinto;1127;133;1;3350;1;Y
807035;803_Rio Tinto_Rio Tinto (Estação);133;1127;1;3580;1;Y
807054;903_Laborim_Vilar do Paraiso;54;800507;1;2000;1;Y
807055;903_Vilar do Paraiso_Laborim;800507;54;1;2000;1;Y
807056;UOF_Vilar do Paraiso;11;800507;2;10000;1;Y
807057;Vilar do Paraiso_UOF;800507;11;2;10000;1;Y
807074;900_Cordoaria_Massarelos;18;68;1;1800;1;Y
807075;900_Massarelos_Cordoaria;68;18;1;1700;1;Y
807076;900_Massarelos_Ribeira;68;907;1;1700;1;Y
807077;900_Ribeira_Massarelos;907;68;1;1700;1;Y
807078;900_Ribeira_Largo dos Aviadores;907;800527;1;2600;1;Y
807079;900_Largo dos Aviadores_Ribeira;800527;907;1;2300;1;Y
807080;900_Largo dos Aviadores_Santo Ovidio;800527;53;1;3300;1;Y
807081;900_Santo Ovidio_Largo dos Aviadores;53;800527;1;1800;1;Y
807154;603_Gueifães_Maia;138;40;2;4000;1;Y
807155;603_Maia_Gueifães;40;138;2;4000;1;Y
807174;605_Gueifães_Maia;138;40;1;5000;1;Y
807175;605_Maia_Gueifães;40;138;1;5000;1;Y
807176;605_Maia_Vermoim;40;1206;1;4000;1;Y
807177;605_Vermoim_Maia;1206;40;1;4000;1;Y
807178;UOF_Vermoim;11;1206;2;10000;1;Y
807179;Vermoim_UOF;1206;11;2;10000;1;Y
807180;UOF_Gueifães;11;138;2;10000;1;Y
807181;Gueifães_UOF;138;11;2;10000;1;Y
807798;UON_Maia Barca;1;426;2;9400;1;Y
807799;Maia Barca_UON;426;1;2;10600;1;Y
807859;108_Matosinhos_Pr Cidade Salvador;1066;800266;1;1890;1;Y
807396;900_Ribeira_Trindade;907;746;1;2360;1;Y
807938;809_Alfandega_S.Roque;50;7;1;6000;1;Y
807939;809_S.Roque_Alfandega;7;50;1;6000;1;Y
808040;49_Cordoaria_Trindade;18;746;1;5000;1;Y
808041;49_Trindade_Cordoaria;746;18;1;5000;1;Y
807403;803_Rio Tinto_Rio Tinto (estação);133;1127;1;3660;1;Y
807434;202_Aliados_Boavista;38;4;1;2940;1;Y
807435;202_Boavista_Aliados;4;38;1;3200;1;Y
806454;601_Rotunda AEP_Marshopping;52;800246;1;6700;1;Y
806455;601_Marshopping_Rotunda AEP;800246;52;1;6200;1;Y
806456;601_Marshopping_Freixieiro;800246;86;1;3900;1;Y
806457;601_Freixieiro_Marshopping;86;800246;1;3100;1;Y
806834;207_Batalha_Campanha;36;34;1;3000;1;Y
806894;69_Boavista_Aliados;4;38;2;5000;1;Y
806914;3M_Monte dos Burgos_Padrao da Legua;42;606;1;2000;1;Y
806915;3M_Padrao da Legua_Monte dos Burgos;606;42;1;2000;1;Y
806916;Padrao da Legua_UOF;606;11;2;10000;1;Y
807096;403_Massarelos_Infante;68;67;1;1500;1;Y
807097;403_Infante _Massarelos;67;68;1;1500;1;Y
807098;403_Infante_Freixo;67;51;1;3900;1;Y
807099;403_Freixo_Infante;51;67;1;3800;1;Y
807100;403_Freixo_Campanha;51;34;1;1100;1;Y
807101;403_Campanha_Freixo;34;51;1;1400;1;Y
807414;1M_Castelo  do Queijo_Matosinhos Praia;15;1106;1;1440;1;Y
807415;1M_Matosinhos Praia_Castelo do Queijo;1106;15;1;1630;1;Y
806554;400_Aliados_S.Lazaro;38;103;1;1430;1;Y
806555;400_S.Lazaro_Aliados;103;38;1;1340;1;Y
806675;303_S.Bento_Campo 24 de Agosto;1026;183;1;1760;1;Y
806575;508_Monte dos Burgos_Bom Sucesso;42;60;1;3560;1;Y
806576;508_Esposade_Marshopping;90;800246;1;5930;1;Y
806577;508_Marshopping_Esposade;800246;90;1;5630;1;Y
806578;508_Marshopping_Freixieiro;800246;86;1;4650;1;Y
806579;508_Freixieiro_Marshopping;86;800246;1;5010;1;Y
806580;601_Rotunda AEP_Boavista;52;4;1;3000;1;Y
806619;Corujeira_UON;177;1;2;7000;1;Y
806654;P.Alegre_UOF;25;11;2;5800;1;Y
806674;303_Boavista_S.Bento;4;1026;1;3070;1;Y
806854;601_Aeroporto_Boavista (Direto);107;4;1;10000;1;Y
806618;UON_Corujeira;1;177;2;6900;1;Y
806855;601_Boavista_Aeroporto (direto);4;107;1;10000;1;Y
806875;901/906_Candal_Infante;20;67;1;3000;1;Y
807122;UOF_Francelos;11;180;2;13200;1;Y
807123;Francelos_UOF;180;11;2;13500;1;Y
807274;800_Est.Dragão_S.Roque;1506;7;1;5500;1;Y
807275;800_S.Roque_Est.Dragão;7;1506;1;5500;1;Y
807276;801_Est. Dragão_S.Roque;1506;7;1;5500;1;Y
807374;901_Ribeira_Candal;907;20;1;3570;1;Y
807294;800_C.24 Agosto_Est.Dragão;183;1506;1;2000;1;Y
807295;800_Est.Dragão_C.24 Agosto;1506;183;1;2000;1;Y
807296;801_C.24 Agosto_Estadio Dragão;183;1506;1;2000;1;Y
807375;901_Candal_Ribeira;20;907;1;3840;1;Y
807334;506_S.Mamede_Hospital de S.Joao;39;28;1;3130;1;Y
807376;901_Coimbrões Sul_Cabine;1207;110;1;3720;1;Y
807377;906_Trindade_Ribeira;746;907;1;2360;1;Y
807378;906_Ribeira_Trindade;907;746;1;2260;1;Y
807379;906_Ribeira_Candal;907;20;1;3570;1;Y
807380;906_Candal_Ribeira;20;907;1;3840;1;Y
807381;906_Candal_Coimbrões Sul;20;1207;1;1470;1;Y
807382;906_Coimbrões Sul_Candal;1207;20;1;1200;1;Y
807383;906_Coimbrões Sul_Cabine;1207;110;1;3720;1;Y
806514;400_Azevedo_P.Nascente;145;800467;1;3730;1;Y
806515;400_P.Nascente_Azevedo;800467;145;1;4490;1;Y
806516;UON_P.Nascente;1;800467;2;5300;1;Y
806517;P.Nascente_UON;800467;1;2;5200;1;Y
806534;107_Areias_Corujeira;1746;177;1;3620;1;Y
806535;107_Corujeira_Areias;177;1746;1;6930;1;Y
806694;39_Trindade_Estadio do Dragao;746;1506;1;5000;1;Y
807134;107_Estadio Dragão_Freixo;1506;51;1;4000;1;Y
806714;204_H.S.Joao_Carvalhido;28;104;1;5760;1;Y
806715;204_Casa da Musica_Lordelo;1112;30;1;2970;1;Y
806716;204_Lordelo_Boavista;30;4;1;2820;1;Y
806717;204_Carvalhido_H.S.Joao;104;28;1;5240;1;Y
806754;Ponte de Pedra_UOF;74;11;2;6000;1;Y
807135;107_Freixo_Estadio Dragão;51;1506;1;4000;1;Y
807136;107_Freixo_Areias;51;1746;1;2900;1;Y
807137;107_Areias_Freixo;1746;51;1;2900;1;Y
807138;Freixo_UON;51;1;2;2500;1;Y
806434;905_ Gaia Camara_ Santo Ovidio;908;53;1;2760;1;Y
806435;905_ Sto Ovidio_ Gaia- Camara;53;908;1;2030;1;Y
806458;507_Rotunda AEP_Matosinhos;52;1066;1;5300;1;Y
806459;507_Matosinhos_Rotunda AEP;1066;52;1;4090;1;Y
806460;507_Marshopping_Leca;800246;75;1;6580;1;Y
806461;507_Leca_Marshopping;75;800246;1;3500;1;Y
806634;508_Bom Sucesso_Monte dos Burgos;60;42;1;3210;1;Y
806774;602_Cordoaria_Monte dos Burgos;18;42;1;4740;1;Y
806775;602_Monte dos Burgos_Cordoaria;42;18;1;5130;1;Y
806776;602_Monte dos Burgos_Araujo;42;41;1;4320;1;Y
806777;602_Araujo_Monte dos Burgos;41;42;1;4360;1;Y
806794;301_H.S.Joao_Santa Luzia;28;65;1;3140;1;Y
806974;809_Maia Forum_Maia Forum;1109;1109;1;5000;20;Y
807083;507_Leca_Matosinhos;75;1066;1;5400;1;Y
806976;Maia Forum_UOF;1109;11;2;9400;30;Y
807082;507_Matosinhos_Leca;1066;75;1;6000;1;Y
807254;8M_Rio Tinto Igreja_Chão Verde;1126;800567;1;500;3;Y
807255;8M_Chão Verde_ Rio Tinto Igreja;800567;1126;1;500;3;Y
807256;Chão Verde_UOF;800567;11;2;10000;1;Y
807354;901_Trindade_Ribeira;746;907;1;2360;1;Y
807355;901_Ribeira_Trindade;907;746;1;2260;1;Y
807356;901_Candal_Coimbrões Sul;20;1207;1;1470;1;Y
807357;901_Coimbrões Sul_Candal;1207;20;1;1200;1;Y
807359;901_Cabine_Coimbrões Sul;110;1207;1;3650;1;Y
807520;10M_Aliados_Gaia Camara;38;908;1;3320;1;Y
807521;10M_Gaia Camara_Aliados;908;38;1;3390;1;Y
807522;10M_Gaia Camara_Santo Ovidio;908;53;1;2990;1;Y
807523;10M_Santo Ovidio_Gaia Camara;53;908;1;2550;1;Y
