ID;NAME;EMPTY;TYPEVALUE;OLD_TYPEVALUE
1025433;EOriente_PVelhoFS;N;0;0
1025434;PVelho_EOrienteFS;N;0;0
1025435;Mg(Est)_AlgesJ;Y;1;0
1025436;AlgesJ_Mg(Est);Y;1;0
1025437;Mf(Est)_AlgesJ;Y;1;0
1025438;AlgesJ_Mf(Est);Y;1;0
1025439;Mg(Est)_PFigueir;Y;1;0
1025440;PFigueir_Mg(Est);Y;1;0
1025453;ECampol_BelemJ;N;0;0
1025454;BelemJ_ECampol;N;0;0
1025473;MMoniz=Prazeres;N;0;0
1025474;Prazeres=MMoniz25E;N;0;0
1025475;MMoniz=Estrela;N;0;0
1025476;Estrela=MMoniz;N;0;0
1025477;Graca=Estrela;N;0;0
1025478;Estrela=Graa;N;0;0
1026075;CREst_BelemP;Y;1;0
1026076;BelemP_CREst;Y;1;0
1025593;MMoniz=RConceic;N;0;0
1025594;RConceic=MMoniz;N;0;0
1025595;Graca=RConceic;N;0;0
1025596;RConceic=Graca;N;0;0
1026033;ISEL=Alameda;N;0;0
1026034;Alameda=ISEL;N;0;0
1026035;CREst_Alameda;Y;1;0
1026036;Alameda_CREst;Y;1;0
1026061;Mf(Est)_PLondres;Y;1;0
1026062;PLondres_Mf(Est);Y;1;0
1026063;CSodre_LVelhaSA;N;2;0
1026064;LVelha_CSodreSA;N;2;0
1026135;Mg(Est)_Entrecp;Y;1;0
1026136;Entrecp_Mg(Est);Y;1;0
1026137;CREst_Entrecp;Y;1;0
1026138;Entrecp_CREst;Y;1;0
4003940;Pt(Est)_PLondres;Y;1;0
4003941;PLondres_Pt(Est);Y;1;0
4004480;ECampol_StAmaro;N;0;0
4004481;StAmaro_ECampol;N;0;0
4004520;INDEFINIDO;Y;1;0
4004580;Mg(Est)_Musgueira;Y;1;0
4004581;Musgueira_Mg(Est);Y;1;0
1025835;AvJMalhoa_CREst;Y;1;0
1025873;MMoniz=PNacoesN;N;0;0
1025874;PNacoesN=MMoniz;N;0;0
1025875;PChile=PNacoesN;N;0;0
1025876;PNacoesN=PChile;N;0;0
4005000;Fetais=PChile_Ref718;N;0;0
4005020;ISEL=Alameda_Ref718;N;0;0
4005021;Alameda=ISEL_Ref718;N;0;0
1025995;Mf(Est)_Junqueira;Y;1;0
1025996;Junqueira_Mf(Est);Y;1;0
1025553;Picheleir_PJFontana;N;0;0
1025554;PJFontana_Picheleir;N;0;0
1025602;RConceic=PLCamoes;N;0;0
1025603;PLCamoes=RConceic;N;0;0
1025733;CSanto_Pt(Est);Y;1;0
1025953;CREst_Saldanha;Y;1;0
1025954;Saldanha_CREst;Y;1;0
1026093;CSodre=BPCruz;N;0;0
1026094;BPCruz=CSodre;N;0;0
1026095;PontinhM=CSodre;N;0;0
1026096;Mg(Est)_BPCruz;Y;1;0
1026097;BPCruz_Mg(Est);Y;1;0
1026102;CSodre_Musgueira;N;0;0
1026103;CSodre_Fetais;N;0;0
1026104;Fetais_CSodre;N;0;0
1026105;CSodre_EOriente;N;0;0
1026106;EOriente_CSodre;N;0;0
1026107;CSodre_PVelho210;N;0;0
1026108;PVelho_CSodre210;N;0;0
4005040;MPombal=BelemJ;N;0;0
4005041;BelemJ=MPombal;N;0;0
1026015;Mg(Est)_PBenfica;Y;1;0
1026016;PBenfica_Mg(Est);Y;1;0
1025793;Alameda_Mf(Est);Y;1;0
1025794;Mf(Est)_Alameda;Y;1;0
1025795;Alameda_Pt(Est);Y;1;0
1025796;Pt(Est)_Alameda;Y;1;0
4005360;PFigueir_QPaizinho;N;0;0
4005361;QPaizinho_Mf(Est);Y;1;0
1025975;Mg(Est)_PLondres;Y;1;0
1025976;PLondres_Mg(Est);Y;1;0
1025977;CREst_PLondres;Y;1;0
1025978;PLondres_CREst;Y;1;0
4005600;BoaHora_Mf(Est);Y;1;0
4005601;Mf(Est)_BoaHora;Y;1;0
4006000;Alges=CRuivo;N;0;0
4006020;Lumiar=Charneca;N;0;0
1026160;Pt(Est)_SSebast;N;1;0
1026161;SSebast_Pt(Est);N;1;0
4006021;Charneca=Lumiar;N;0;0
1026163;EOriente=PNacoesN;N;0;0
1026164;EStApoln_AlcantM-I;N;0;0
1026166;Mf(Est)_AlcantM-I;N;1;0
1026165;AlcantM-I_EStApoln;N;0;0
4006600;Amoreiras_ESRios;N;0;0
4006601;ESRios_Amoreiras-V;Y;1;0
4007200;COurique_COuriqueQL;N;0;
1026173;Calvario_Mf(Est);N;1;0
1026176;MPombal_Serafina;N;0;0
1026177;Serafina_MPombal;N;0;0
1026178;Pt(Est)_Serafina;N;1;0
1026179;Serafina_Pt(Est);N;1;0
4000041;ISEL_EEntrecp;N;0;0
4000043;EEntrecp_ISEL;N;0;0
4000045;CREst_EEntrecp;N;1;0
4000047;EEntrecp_CREst;N;1;0
4000049;Mg(Est)_EEntrecp;N;1;0
4000051;EEntrecp_Mg(Est);N;1;0
4000123;PUAjuda_Mf(Est);N;1;0
4000203;Mf(Est)_Campol;N;1;0
4000245;Graca=PLCamoes;N;0;0
4000247;PLCamoes=Graca;N;0;0
4000321;EStApoln_CSodre;N;0;0
4000365;SSueste_Mg(Est);N;1;0
4000403;EOriente_Alges;N;0;0
4000405;Alges_EOriente;N;0;0
4000481;CREst_SSueste;N;1;0
4000483;SSueste_CREst;N;1;0
4000521;RAlfand=Estrela;N;0;0
4000523;Estrela=RAlfand;N;0;0
4000529;Mg(Est)_QConchas;N;1;0
4000531;QConchas_Mg(Est);N;1;0
4000721;PUAjuda_BelemP;N;0;0
4000761;Mf(Est)_PUAjuda;N;1;0
4000723;PUAjuda_Alges;N;0;0
4000801;CSodre_Alameda736M;N;0;0
4000841;CRuivo_Alges;N;0;0
4000881;FundChamp=Alges;N;0;0
4000883;Alges=FundChamp;N;0;0
4000965;Mg(Est)_PNacoesS;N;1;0
4000967;CREst_PNacoesS;N;1;0
4001041;PNacoesS_CREst;N;1;0
4001043;PNacoesS_Mg(Est);N;1;0
4001203;ESRios_Pt(Est);N;1;0
4001201;Pt(Est)_ESRios;N;1;0
4001125;SSueste_EDamaia;N;0;0
4001161;EDamaia_SSueste;N;0;0
4001205;ESRios_Amoreiras;N;0;0
4001207;Amoreiras_ESRios-V;N;1;0
4001241;BMDeus=CasAjuda;N;0;0
4001243;CasAjuda=BMDeus;N;0;0
4001245;BMDeus_PUAjuda;N;0;0
4001247;PUAjuda_BMDeus;N;0;0
4001281;CREst_ERoma-Ar;N;1;0
4001283;ERoma-Ar_CREst;N;1;0
4001321;SSueste_EStApoln;N;0;0
4001361;CREst_Marvila;Y;1;0
4001363;Marvila_CREst;Y;1;0
4001405;MPombal=SRoubado;N;0;0
4001441;EStApoln=PontinhM;N;0;0
4001407;SRoubado=MPombal;N;0;0
4001443;PontinhM=EStApoln;N;0;0
4001445;SSebast=EOriente;N;0;0
4001447;EOriente=SSebast;N;0;0
4001449;CSodre=CGrandeM;N;0;0
4001451;CGrandeM=CSodre;N;0;0
4001521;EStApoln_MPombal;N;0;0
4001523;MPombal_EStApoln;N;0;0
4001561;RAlfand=GFreire;N;0;0
4003001;CasAjuda=BMDeus_PU;N;0;0
4003178;MMoniz=Estrela12E;N;0;0
1023564;EscGerais=PLCamoes;N;0;0
1025633;PFigueir=StAmaro;N;0;0
1025634;StAmaro=PFigueir;N;0;0
1025635;StAmaro=AlgesJ-751;N;0;0
1025636;AlgesJ=StAmaro-751;N;0;0
4003179;Estrela=MMoniz12E;N;0;0
1023570;PLCamoes_Prazeres;N;0;0
4004800;ROuro_LCarmo;N;0;0
1025713;CSodre_HStMaria;N;0;0
1025714;HStMaria_CSodre;N;0;0
1025715;CSodre_Alameda;N;0;0
1025716;Alameda_CSodre;N;0;0
4004801;LCarmo_ROuro;N;0;0
4003620;V-Bica_RSPaulo;Y;1;0
1025717;Mg(Est)_Alameda;Y;1;0
1025718;Alameda_Mg(Est);Y;1;0
1025762;Mg(Est)_Benfica;Y;1;0
4003621;V-RSPaulo_Bica;Y;1;0
1024318;Mf(Est)_Saldanha;Y;1;0
1025763;Benfica_Mg(Est);Y;1;0
4003622;V-Bica_LCalhariz;Y;1;0
4003623;V-LCalhariz_Bica;Y;1;0
4003640;MPombal_CentroS;N;0;0
1025936;SRoubado_CSodre736M;N;0;0
4003800;BStCruz_Charneca;N;0;0
4003801;Charneca_BStCruz;N;0;0
4004802;V-StJusta_ROuro;Y;1;0
4004803;V-ROuro_StJusta;Y;1;0
4004804;V-StJusta_LCarmo;Y;1;0
4004805;V-LCarmo_StJusta;Y;1;0
4004820;Mf(Est)_BelemJ;Y;1;0
4004840;Mf(Est)_Prazeres;Y;1;0
4004841;Prazeres_Mf(Est);Y;1;0
1023712;SA(Est)_Graca;Y;1;0
1024319;Saldanha_Mf(Est);Y;1;0
4005060;PLCamoes_Mf(Est);Y;1;0
1023770;Pt(Est)_QAlcout;Y;1;0
1023771;QAlcout_Pt(Est);Y;1;0
1023804;CREst_ISEL;Y;1;0
1023805;ISEL_CREst;Y;1;0
4005061;Mf(Est)_PLCamoes;Y;1;0
4005140;Estrela=MMoniz25E;N;0;0
1023826;Mf(Est)_ERoma-Ar;Y;1;0
1023827;ERoma-Ar_Mf(Est);Y;1;0
1023844;CasAjuda_CREst;Y;1;0
1023884;CREst_CGrandeM;Y;1;0
4005160;Estrela=PFigueir25E;N;0;0
1023885;PontinhM_CREst;Y;1;0
1023904;CREst_Fetais;Y;1;0
1023905;Fetais_CREst;Y;1;0
4005180;MMoniz=PLCamoes12E;N;0;0
1023907;CREst_SRoubado;Y;1;0
1023908;SRoubado_CREst;Y;1;0
1023909;CREst_OdivB;Y;1;0
1023910;CREst_CasAjuda;Y;1;0
1023911;BMDeus_CREst;Y;1;0
1023912;CREst_BoaHora;Y;1;0
1023913;BoaHora_CREst;Y;1;0
1023914;CREst_LVelha;Y;1;0
1023915;LVelha_CREst;Y;1;0
1023916;Musgueira_CREst;Y;1;0
1023917;Mg(Est)_BoaHora;Y;1;0
1023918;BoaHora_Mg(Est);Y;1;0
1023919;Mg(Est)_LVelha;Y;1;0
1023920;LVelha_Mg(Est);Y;1;0
4005220;PLCamoes_CampolE;N;0;0
1023946;Pt(Est)_Rato;Y;1;0
1023947;Rato_Pt(Est);Y;1;0
1023964;OdivB_CREst;Y;1;0
4005221;Campol_PLCamoesE;N;0;0
4005640;Entrecp_Restelo;N;0;0
4005641;Restelo_Entrecp;N;0;0
4005660;Entrecp_Mf(Est);N;1;0
4006180;StAmaro_PontinhR;N;0;0
4006260;Galinheir_QLavad;N;0;0
1024332;Pt(Est)_PReal;Y;1;0
4006261;QLavad_Galinheir;N;0;0
4006280;Mg(Est)_QLavad;N;1;0
4006281;QLavad_Mg(Est);N;1;0
1024064;Olivais_Mg(Est);Y;1;0
1024065;Mg(Est)_Olivais;Y;1;0
1024066;PNacoesN_Mg(Est);Y;1;0
1024067;Mg(Est)_PNacoesN;Y;1;0
1024070;ACego_Pt(Est);Y;1;0
1024071;Pt(Est)_ACego;Y;1;0
1024084;Sapador=PChile;N;0;0
1024085;PChile=Sapador;N;0;0
1024086;Pt(Est)_PChile;Y;1;0
1024124;Galinheir_CREst;Y;1;0
1024144;CREst_PontinhM;Y;1;0
1024145;CGrandeM_CREst;Y;1;0
1024146;CREst_Olaias;Y;1;0
1024147;Olaias_CREst;Y;1;0
1024164;Sapador_Pt(Est);Y;1;0
1024165;Pt(Est)_Sapador;Y;1;0
4006900;Amoreiras=ECampol;N;0;0
1024184;Marvila_Mg(Est);Y;1;0
1024185;Mg(Est)_Marvila;Y;1;0
4006301;CSodre_CSodre;N;0;0
1024216;ADamaia_Mf(Est);Y;1;0
1024217;Mf(Est)_ADamaia;Y;1;0
1024246;Mg(Est)_Santos;Y;1;0
1024247;Santos_Mg(Est);Y;1;0
1024306;AlcantT_Pt(Est);Y;1;0
1024307;Pt(Est)_AlcantT;Y;1;0
1024344;CGrandeM_SRios;N;0;0
1024345;SRios_CGrandeM;N;0;0
1024352;SerafinaI_ECampol;N;0;0
1024353;ECampol_SerafinaI;N;0;0
1024356;Amoreiras_Mg(Est);Y;1;0
1024357;Mg(Est)_Amoreiras;Y;1;0
1024358;Amoreiras_CREst;Y;1;0
1024359;CREst_Amoreiras;Y;1;0
1025604;RConceic=Estrela;N;0;0
1025605;Estrela=RConceic;N;0;0
1025853;CUnivers_DamaiaC;N;0;0
1025854;DamaiaC_CUnivers;N;0;0
1024406;CREst_PNacoesN;Y;1;0
1024407;PNacoesN_CREst;Y;1;0
1024408;CREst_MMoniz;Y;1;0
1024409;MMoniz_CREst;Y;1;0
1024410;CREst_PChile;Y;1;0
1024411;PChile_CREst;Y;1;0
1024424;CREst_Junqueira;Y;1;0
1024425;Junqueira_CREst;Y;1;0
1025855;CMilitM_DamaiaC;N;0;0
1025856;DamaiaC_CMilitM;N;0;0
1024464;AAjuda_BelemP;N;0;0
1024465;BelemP_AAjuda;N;0;0
1026113;CPequeno_AlfragBZ;N;0;0
1024486;Mg(Est)_PUAjuda;Y;1;0
1024487;PUAjuda_Mg(Est);Y;1;0
1024490;Mf(Est)_EBenfica;Y;1;0
1024491;EBenfica_Mf(Est);Y;1;0
1024492;Mg(Est)_Calvario;Y;1;0
1026114;AlfragBZ_CPequeno;N;0;0
1026115;SRios_AlfragBZ;N;0;0
1024495;AStAmaro_Mf(Est);Y;1;0
1024496;Mf(Est)_AStAmaro;Y;1;0
1026116;AlfragBZ_SRios;N;0;0
1024506;AvJMalhoa_Pt(Est);Y;1;0
1024507;Pt(Est)_AvJMalhoa;Y;1;0
1024508;AvJMalhoa_SRios-V;N;0;0
1024624;CREst_Olivais;Y;1;0
1024625;Olivais_CREst;Y;1;0
1024644;COurique_SRios-V;N;0;0
1024666;PCampismo_Mf(Est);Y;1;0
1024688;Portela_Restelo;N;0;0
1024689;CSodre_Portela;N;0;0
1024690;Portela_CSodre;N;0;0
1024707;GFreire_COurique;N;0;0
1024708;COurique_GFreire;N;0;0
1024714;Mg(Est)_PAerop;Y;1;0
1024727;Alges_BPCruz;N;0;0
1024728;BPCruz_Alges;N;0;0
1024729;Alges_PontinhM;N;0;0
1024745;AlcantT_Rato;N;0;0
1024746;Rato_AlcantT;N;0;0
1024747;EstrLuz_AStAmaro;N;0;0
1024748;AStAmaro_EstrLuz;N;0;0
1024749;Picheleir=Calvario;N;0;0
1024750;Calvario=Picheleir;N;0;0
1024765;RAlfand=Prazeres;N;0;0
1024766;Prazeres=RAlfand;N;0;0
1024785;PFigueir_Outurela;N;0;0
1024789;PFigueir=PCampismo;N;0;0
1024790;CSodre_PBenfica;N;0;0
1024791;PBenfica_CSodre;N;0;0
1024792;CSodre=SRios;N;0;0
1024793;SRios=CSodre;N;0;0
1024794;MPombal_SerafinaI;N;0;0
1024795;SerafinaI_MPombal;N;0;0
4003320;PBelVista_CSodre;N;0;0
4003321;CSodre_PBelVista-V;Y;1;0
1024798;CSodre_MoscavQ;N;0;0
1024799;MoscavQ_CSodre;N;0;0
1024800;MoscavQ_CREst;Y;1;0
1024801;CREst_MoscavQ;Y;1;0
1024802;MoscavQ_Mg(Est);Y;1;0
1024803;Mg(Est)_MoscavQ;Y;1;0
4003322;PBelVista_EOriente;N;0;0
4003323;EOriente_PBelVista-V;Y;1;0
4003324;Mg(Est)_PBelVista;Y;1;0
4003680;Restelo_Portela;N;0;0
4003681;LVelha_ECampol;N;0;0
4003980;MPombal_Alges;N;0;0
4003981;Alges_MPombal;N;0;0
4004000;PFigueir_Prazeres;N;0;0
1024812;PComerc_CemAjudaSA;N;0;0
1024813;StAmaro_PComerc;N;0;0
1024814;PComerc_StAmaro;N;0;0
4004001;Prazeres_PFigueir;N;0;0
1024817;CSodre_PVelho;N;0;0
1024818;PVelho_CSodre;N;0;0
4004640;Musgueira_LVelha;N;0;0
4004641;LVelha_Musgueira;N;0;0
4005520;Mf(Est)_Calvario;Y;1;0
4005540;Calvario_LVelha;N;0;0
1024823;MPombal_EDamaia;N;0;0
1024824;EDamaia_MPombal;N;0;0
4005840;Restaur_EOrienteBV;N;0;0
4005841;EOriente_RestaurBV;N;0;0
1024827;MPombal=MoscavL;N;0;0
1024828;MoscavL=MPombal;N;0;0
4005940;CruzPedra_CruzPedra;N;0;0
4006060;SRios_SRios58B;N;0;0
4005942;CruzPedra_Pt(Est);Y;1;0
4005943;Pt(Est)_CruzPedra;Y;1;0
4006200;Prazeres=MMonizVGraca;N;0;0
4006220;Estrela=MMonizVGraca;N;0;0
4006640;Pt(Est)_PUAjuda;Y;1;0
4006580;MMoniz=MMoniz-RMadal;N;0;0
1024837;CSodre_OdivB;N;0;0
1024838;OdivB_CSodre;N;0;0
1024839;CSodre=SRoubado;N;0;0
1024840;SRoubado=CSodre;N;0;0
1024853;CSodre_Aerop;N;0;0
1024854;Aerop_CSodre;N;0;0
1024873;Olaias_Junqueira;N;0;0
1024874;Junqueira_Olaias;N;0;0
1024875;Areeiro_Junqueira;N;0;0
1024893;AChapel_Charneca;N;0;0
1024894;Charneca_AChapel;N;0;0
1024913;ADamaia_Mf(Est)MP;N;2;0
1024933;PFigueir_AlgesJ;N;0;0
1024934;AlgesJ_PFigueir;N;0;0
1024953;Amoreiras_Portela;N;0;0
1024954;Portela_Amoreiras;N;0;0
4006641;PUAjuda_Pt(Est);Y;1;0
4006700;Alameda_CStClara;N;0;0
4006701;CStClara_Alameda;N;0;0
4006880;CGrandeM=ReboleirM-ED;N;0;0
1024977;CGrandeM_COurique;N;0;0
1024978;COurique_CGrandeM;N;0;0
4006881;ReboleirM=CGrandeM-ED;N;0;0
1024993;PBispo_SRios;N;0;0
1024994;SRios_PBispo;N;0;0
1025013;Marvila_ERoma-Ar;N;0;0
1025014;ERoma-Ar_Marvila;N;0;0
1025093;EStApoln_AlcantM;N;0;0
1025094;AlcantM_EStApoln;N;0;0
152;Mf(Est)_COurique;Y;1;0
153;COurique_Mf(Est);Y;1;0
189;Pt(Est)_CemBenf;Y;1;0
190;CemBenf_Pt(Est);Y;1;0
191;CMPatria_Pt(Est);Y;1;0
328;Pt(Est)_CMPatria;Y;1;0
480;CMilitM_Pt(Est);Y;1;0
481;Pt(Est)_CMilitM;Y;1;0
483;BPCruz_Pt(Est);Y;1;0
484;Pt(Est)_BPCruz;Y;1;0
1284;Pt(Est)_EDamaia;Y;1;0
1287;EDamaia_Pt(Est);Y;1;0
653;EStApoln_Mf(Est);Y;1;0
654;Mf(Est)_EStApoln;Y;1;0
655;EDamaia_Mf(Est);Y;1;0
656;Mf(Est)_EDamaia;Y;1;0
12666;BelemP_PUAjuda;N;0;0
12668;BelemP_Pt(Est);Y;1;0
12669;Pt(Est)_BelemP;Y;1;0
1025759;SSueste_EOriente;N;0;0
1035;Mf(Est)_MMoniz;Y;1;0
1037;Mf(Est)_PComerc;Y;1;0
1038;Mf(Est)_StAmaro;Y;1;0
1039;MMoniz_Mf(Est);Y;1;0
1025761;Mg(Est)_SSueste;Y;1;0
1025913;CMilitM_AlfragN;N;0;0
12725;Mg(Est)_PBispo;Y;1;0
1025914;AlfragN_CMilitM;N;0;0
12727;PBispo_Mg(Est);Y;1;0
12734;Pt(Est)_SBento;Y;1;0
12735;Pt(Est)_GFreire;Y;1;0
12736;SBento_Pt(Est);Y;1;0
12737;GFreire_Pt(Est);Y;1;0
12740;MPombal_CREst;Y;1;0
12742;CREst_MPombal;Y;1;0
1608;Mf(Est)_Caselas;Y;1;0
1609;HStMaria_Mf(Est);Y;1;0
1610;Mf(Est)_HStMaria;Y;1;0
1538;Caselas_Mf(Est);Y;1;0
1695;PBenfica_Pt(Est);Y;1;0
1696;Pt(Est)_PBenfica;Y;1;0
1867;Pt(Est)_CPequeno;Y;1;0
1868;CPequeno_Pt(Est);Y;1;0
1869;Pt(Est)_AlfragBZ;Y;1;0
1870;AlfragBZ_Pt(Est);Y;1;0
1871;Pt(Est)_SRios;Y;1;0
1872;SRios_Pt(Est);Y;1;0
1873;Pt(Est)_PontinhR;Y;1;0
1874;PontinhR_Pt(Est);Y;1;0
2137;Pt(Est)_AlfragN;Y;1;0
2138;Pt(Est)_Benfica;Y;1;0
2139;AlfragN_Pt(Est);Y;1;0
2140;Benfica_Pt(Est) ;Y;1;0
47124;PComerc_Mf(Est);Y;1;0
2225;CREst_PBispo;Y;1;0
2388;CREst_PVelho;Y;1;0
2389;PVelho_CREst;Y;1;0
2352;Mg(Est)_MMoniz;Y;1;0
2353;MMoniz_Mg(Est);Y;1;0
2372;CREst_EStApoln;Y;1;0
2373;EStApoln_CREst;Y;1;0
2398;CSodre_CREst;Y;1;0
3264;CREst_Portela;Y;1;0
3266;Portela_CREst;Y;1;0
12228;Pt(Est)_Picheleir;Y;1;0
12229;Pt(Est)_PJFontana;Y;1;0
12230;Picheleir_Pt(Est);Y;1;0
12231;PJFontana_Pt(Est);Y;1;0
12234;Mg(Est)_HStMaria;Y;1;0
3678;CREst_CSodre;Y;1;0
12235;HStMaria_Mg(Est);Y;1;0
12273;Castelo_PFigueir;N;0;0
12274;PFigueir_Castelo;N;0;0
12275;Pt(Est)_PFigueir;Y;1;0
12276;PFigueir_Pt(Est);Y;1;0
4983;CGrandeM_Mg(Est);Y;1;0
4985;OdivB_Mg(Est);Y;1;0
4986;Mg(Est)_OdivB;Y;1;0
4249;Mg(Est)_BMDeus;Y;1;0
4250;BMDeus_Mg(Est);Y;1;0
4251;Mg(Est)_CasAjuda;Y;1;0
4252;CasAjuda_Mg(Est);Y;1;0
4261;Mg(Est)_COurique;Y;1;0
4685;CSodre_Mg(Est);Y;1;0
4686;Mg(Est)_CSodre;Y;1;0
36614;PChile_Mg(Est);Y;1;0
36615;EOriente_CREst;Y;1;0
36616;CREst_EOriente;Y;1;0
6692;Charneca_Mg(Est);Y;1;0
6693;Mg(Est)_Charneca;Y;1;0
7334;PChile_Pt(Est);Y;1;0
7327;Mf(Est)_Alges;Y;1;0
7328;Mf(Est)_Desterro;Y;1;0
7331;Alges_Mf(Est);Y;1;0
7341;MPombal_Mf(Est);Y;1;0
5364;Mg(Est)_CGrandeM;Y;1;0
12433;PFigueir_Mf(Est);Y;1;0
12434;Mf(Est)_PFigueir;Y;1;0
12452;Mf(Est)_LVelha;Y;1;0
12453;LVelha_Mf(Est);Y;1;0
12459;Mf(Est)_CentroN;Y;1;0
12460;CentroN_Mf(Est);Y;1;0
12461;PJFontana_CentroS;N;0;0
12462;CentroS_PJFontana;N;0;0
12463;CentroS_MPombal;N;0;0
12464;Mf(Est)_CentroS;Y;1;0
12465;CentroS_Mf(Est);Y;1;0
12630;Mg(Est)_Olaias;Y;1;0
12631;Mg(Est)_Junqueira;Y;1;0
12632;Olaias_Mg(Est);Y;1;0
12633;Junqueira_Mg(Est);Y;1;0
4003340;ERoma-Ar_Restelo;N;0;0
4004702;CREst_AmendM;Y;1;0
12636;Pt(Est)_DamaiaC;Y;1;0
12637;DamaiaC_Pt(Est);Y;1;0
12638;CMilitM_CemBenf;N;0;0
6530;Mf(Est)_Outurela;Y;1;0
6531;Outurela_Mf(Est);Y;1;0
12639;CemBenf_CMilitM;N;0;0
7342;CSodre_Mf(Est);Y;1;0
7343;Pt(Est)_MoscavC;Y;1;0
7346;MoscavC_Pt(Est);Y;1;0
7347;Pt(Est)_PontinhC;Y;1;0
7350;PontinhC_Pt(Est);Y;1;0
7366;CGrandeM_Galinheir;N;0;0
7368;Desterro_Mf(Est);Y;1;0
7471;GFreire_Mf(Est);Y;1;0
7489;Alges_CQuebrada;N;0;0
7490;CQuebrada_Alges;N;0;0
7495;PComerc_Pt(Est);Y;1;0
7496;Pt(Est)_PComerc;Y;1;0
7688;Mf(Est)_AlcantM;Y;1;0
7689;AlcantM_Mf(Est);Y;1;0
7712;Mf(Est)_GFreire;Y;1;0
7715;Mf(Est)_MPombal;Y;1;0
4003342;Restelo=BelemP;N;0;0
4003343;BelemP_Restelo;N;0;0
12187;SerafinaI_Pt(Est);Y;1;0
12189;Pt(Est)_SerafinaI;Y;1;0
12190;Pt(Est)_BStCruz;Y;1;0
12191;BStCruz_Pt(Est);Y;1;0
8651;Mf(Est)_Restelo;Y;1;0
8652;Restelo_Mf(Est);Y;1;0
1025597;SA(Est)_RConceic;Y;1;0
1025598;RConceic_SA(Est);Y;1;0
12193;Mg(Est)_Fetais;Y;1;0
12194;Fetais_Mg(Est);Y;1;0
4004703;AmendM_CREst;Y;1;0
12196;Mg(Est)_ISEL;Y;1;0
12197;ISEL_Mg(Est);Y;1;0
12198;COurique_Mg(Est);Y;1;0
12202;EOriente_PVelho;N;0;0
12203;PVelho_EOriente;N;0;0
4004560;Aerop_Aerop91;N;0;0
1025599;Prazeres_PLCamoes;N;0;0
12212;ERoma-Ar_Mg(Est);Y;1;0
12213;Mg(Est)_ERoma-Ar;Y;1;0
1025600;PLCamoes_SA(Est);Y;1;0
1025601;SA(Est)_PLCamoes;Y;1;0
12216;MPombal_Mg(Est);Y;1;0
4004561;Aerop_Aerop96;N;0;0
9674;Mf(Est)_CSodre;Y;1;0
12747;Galinheir_CGrandeM;N;0;0
12748;Galinheir_Mg(Est);Y;1;0
12749;Mg(Est)_Galinheir;Y;1;0
13080;Mg(Est)_PChile;Y;1;0
30206;CGrandeM_Galinheir-V;Y;1;0
1025637;SA(Est)_StAmaro;Y;1;0
15703;Mf(Est)_CQuebrada;Y;1;0
4003347;MPombal_CaselasSts;N;0;0
4003360;ERoma-Ar=Caselas;N;0;0
16155;Mg(Est)_Picheleir;Y;1;0
4003600;V-Lavra_RCamPestn;Y;1;0
4003601;V-RCamPestn_Lavra;Y;1;0
16158;Picheleir_Mg(Est);Y;1;0
17333;Alges_Pt(Est);Y;1;0
4003602;V-Lavra_LAnunciad;Y;1;0
4003603;V-LAnunciad_Lavra;Y;1;0
4004500;MPombal_Restelo;N;0;0
4004501;Restelo_MPombal;N;0;0
4004700;CREst_VFormoso;Y;1;0
4004701;VFormoso_CREst;Y;1;0
4006720;Pt(Est)_CStClara;Y;1;0
4006721;CStClara_Pt(Est);Y;1;0
17954;CSanto_Mf(Est);Y;1;0
24669;Mg(Est)_MPombal;Y;1;0
23173;Calhariz_Pt(Est);Y;1;0
23175;Pt(Est)_Calhariz;Y;1;0
36793;EOriente_Pt(Est);Y;1;0
36794;Pt(Est)_EOriente;Y;1;0
22742;PJFontana_Mf(Est);Y;1;0
22743;Mf(Est)_PJFontana;Y;1;0
23506;CGrandeM_Pt(Est);Y;1;0
23507;Pt(Est)_CGrandeM;Y;1;0
23614;Calvario_Mg(Est);Y;1;0
29513;Mg(Est)_PontinhM;Y;1;0
29514;PontinhM_Mg(Est);Y;1;0
29521;PLumiar_Mg(Est);Y;1;0
29522;Mg(Est)_PLumiar;Y;1;0
76401;EStApoln_MMoniz;N;0;0
76402;Graca=MMoniz;N;0;0
76403;MMoniz_EStApoln;N;0;0
76404;MMoniz=Graca;N;0;0
72102;Amoreiras_Mf(Est);Y;1;0
72104;Mf(Est)_CSanto;Y;1;0
37193;CREst_BMDeus;Y;1;0
4004782;BAlfinetes_CREst;Y;1;0
44303;Pt(Est)_CUnivers;Y;1;0
44304;CUnivers_Pt(Est);Y;1;0
49508;PontinhM_Pt(Est);Y;1;0
72520;Mg(Est)_Saldanha;Y;1;0
72522;Saldanha_Mg(Est);Y;1;0
51347;Mf(Est)_AlcantT;Y;1;0
78785;CREst_Aerop;Y;1;0
55971;ECampol_Pt(Est);Y;1;0
4004783;CREst_BAlfinetes;Y;1;0
55973;Pt(Est)_ECampol;Y;1;0
4005380;Alges_CSodre;N;0;0
57250;Mf(Est)_Portela;Y;1;0
57251;Portela_Mf(Est);Y;1;0
4005381;CSodre_Alges-V;Y;1;0
4005400;Alges_PCampismo;N;0;0
4005401;PCampismo_Alges;Y;0;0
60005;ISEL_Mf(Est);Y;1;0
60006;Mf(Est)_ISEL;Y;1;0
4005402;Alges_EStApoln;N;0;0
4005403;EStApoln_Alges-V;Y;1;0
76850;BPCruz_MPombal;N;0;0
76854;MPombal_BPCruz;N;0;0
76861;BPCruz_SSebast;N;0;0
76862;SSebast_BPCruz;N;0;0
74522;PReal_Pt(Est);Y;1;0
64582;EStApoln=PChile;N;0;0
64583;PChile=EStApoln;N;0;0
64584;CSodre_Pt(Est);Y;1;0
64585;EStApoln_Pt(Est);Y;1;0
64586;Pt(Est)_CSodre;Y;1;0
64587;Pt(Est)_EStApoln;Y;1;0
66906;CCaparica_Mg(Est);Y;1;0
66907;Mg(Est)_CCaparica;Y;1;0
4005480;Alges_CMilitM-GP;N;0;0
4005481;CMilitM_Alges-GP;N;0;0
68510;EMonsant_Pt(Est);Y;1;0
68511;Pt(Est)_EMonsant;Y;1;0
68856;MPombal_Pt(Est);Y;1;0
68857;Pt(Est)_MPombal;Y;1;0
69074;CemAjuda_Mf(Est);Y;1;0
69077;Mf(Est)_CemAjuda;Y;1;0
69706;Mf(Est)_Olaias;Y;1;0
69707;Olaias_Mf(Est);Y;1;0
69709;Mf(Est)_EstrLuz;Y;1;0
69711;EstrLuz_Mf(Est);Y;1;0
4005680;Entrecp_Caselas;N;0;0
4005681;Caselas_Entrecp;N;0;0
4005740;Restelo_BelemP;N;0;0
1001267;SA(Est)_AlgesJ;Y;1;0
1001952;Estrela_SA(Est);Y;1;0
4006040;Olaias_Olaias;N;0;0
1002001;SA(Est)_CemAjuda;Y;1;0
1002002;SA(Est)_RAlfand;Y;1;0
1002003;CemAjuda_SA(Est);Y;1;0
1002044;RAlfand_SA(Est);Y;1;0
1022424;Mf(Est)_Restaur;Y;1;0
1022425;Restaur_Mf(Est);Y;1;0
1022524;Prazeres_SA(Est);Y;1;0
1022525;SA(Est)_Prazeres;Y;1;0
1022526;SA(Est)_Estrela;Y;1;0
1022565;StAmaro_SA(Est);Y;1;0
1025675;SSueste_Pt(Est);Y;1;0
1025676;Pt(Est)_SSueste;Y;1;0
1022626;Mf(Est)_RAlfand;Y;1;0
1022627;RAlfand_Mf(Est);Y;1;0
1022664;AlcantT_Mf(Est);Y;1;0
1022745;Pt(Est)_PontinhM;Y;1;0
1022764;Musgueira_Mg(Est);Y;1;0
1022805;PFigueir_SA(Est);Y;1;0
1022806;SA(Est)_PFigueir;Y;1;0
1022813;AlgesJ_SA(Est);Y;1;0
1022826;Mf(Est)_BelemP;Y;1;0
1022837;CREst_MoscavL;Y;1;0
1022838;MoscavL_CREst;Y;1;0
1022839;MPombal_LVelha;N;0;0
1022840;LVelha_MPombal;N;0;0
1022874;Graca_SA(Est);Y;1;0
1022875;MMoniz_SA(Est);Y;1;0
1022876;SA(Est)_MMoniz;Y;1;0
1022944;Mg(Est)_PVelho;Y;1;0
1022945;PVelho_Mg(Est);Y;1;0
1022946;Mf(Est)_Marvila;Y;1;0
1022947;Marvila_Mf(Est);Y;1;0
1022956;Mg(Est)_PComerc;Y;1;0
1022958;Mg(Est)_EOriente;Y;1;0
1022959;EOriente_Mg(Est);Y;1;0
1022964;Mg(Est)_Areeiro;Y;1;0
1022967;Pt(Est)_Saldanha;Y;1;0
1022968;Saldanha_Pt(Est);Y;1;0
1022969;Mg(Est)_Portela;Y;1;0
1022970;Portela_Mg(Est);Y;1;0
1022971;Mg(Est)_MoscavL;Y;1;0
1022972;MoscavL_Mg(Est);Y;1;0
1022973;Mf(Est)_EOriente;Y;1;0
1022974;EOriente_Mf(Est);Y;1;0
1022975;Mg(Est)_SRios;Y;1;0
1022976;SRios_Mg(Est);Y;1;0
1022981;Pt(Est)_PVelho;Y;1;0
1022982;PVelho_Pt(Est);Y;1;0
1022983;Pt(Est)_Amoreiras;Y;1;0
1022984;Amoreiras_Pt(Est);Y;1;0
1022985;Pt(Est)_Portela;Y;1;0
1022986;Portela_Pt(Est);Y;1;0
1022989;Mg(Est)_Aerop;Y;1;0
1022990;Aerop_Mg(Est);Y;1;0
4002801;MMoniz_Pt(Est);Y;1;0
1023024;Mf(Est)_CRuivo;Y;1;0
4002803;Pt(Est)_MMoniz;Y;1;0
4003118;Pt(Est)_EstrLuz;Y;1;0
1023107;Pt(Est)_PRecreat;Y;1;0
1023108;PRecreat_Pt(Est);Y;1;0
1023109;Pt(Est)_BCalhau;Y;1;0
1023110;BCalhau_Pt(Est);Y;1;0
1023164;PBispo_CREst;Y;1;0
4003119;EstrLuz_Pt(Est);Y;1;0
4003120;Pt(Est)_AStAmaro;Y;1;0
1023218;ECampol_LVelha;N;0;0
4004900;MMoniz_MMoniz;N;0;0
1023220;ECampol=Calvario;N;0;0
1023221;Calvario=ECampol;N;0;0
1023222;AlcantT_LVelha;N;0;0
4004901;MMoniz_PFigueir;N;0;0
1023224;Mf(Est)_ECampol;Y;1;0
1023225;ECampol_Mf(Est);Y;1;0
4003121;AStAmaro_Pt(Est);Y;1;0
4003122;Calvario_Pt(Est);Y;1;0
1023306;Mg(Est)_EStApoln;Y;1;0
1023307;EStApoln_Mg(Est);Y;1;0
4005300;MMoniz=EOriente;N;0;0
4005301;EOriente=MMoniz;N;0;0
1023328;Charneca=Calhariz;N;0;0
1023329;Calhariz=Charneca;N;0;0
1023330;Pt(Est)_Charneca;Y;1;0
1023331;Charneca_Pt(Est);Y;1;0
1023365;AChapel_Mg(Est);Y;1;0
1023366;Mg(Est)_AChapel;Y;1;0
1023386;Ameix_Mg(Est);Y;1;0
1023387;Mg(Est)_Ameix;Y;1;0
1023406;CSodre_EStApoln;N;0;0
4003660;Outurela_PFigueir;N;0;0
4003700;Restelo_ERoma-Ar;N;0;0
1023504;Aerop_CREst;Y;1;0
4003702;Caselas_MPombalSts;N;0;0
4003720;LVelha_AlcantT;N;0;0
4004100;CUnivers=ReboleirM;N;0;0
4004101;ReboleirM=CUnivers;N;0;0
1023528;Mg(Est)_SRoubado;Y;1;0
1023529;SRoubado_Mg(Est);Y;1;0
4004102;CMilitM=ReboleirM;N;0;0
4004103;ReboleirM=CMilitM;N;0;0
1025573;PFigueir=PFigueir;N;0;0
1025773;Alameda=EOriente;N;0;0
1025774;EOriente=Alameda;N;0;0
1025893;BelemJ_Mf(Est);Y;1;0
1025114;Campol_Mf(Est);Y;1;0
4005340;MPombal=EOriente;N;0;0
4005341;EOriente=MPombal;N;0;0
1025153;Desterro_Alges;N;0;0
1025154;Alges_Desterro;N;0;0
1025155;Desterro=AlgesDF;N;0;0
1025156;Alges=DesterroDF;N;0;0
1025173;CGrandeM_GalinheirMg;N;0;0
1025174;Galinheir_CGrandeMMg;N;0;0
4005820;CGrandeM_CMilitM;N;0;0
4005821;CMilitM_CGrandeM;N;0;0
1025177;StAmaro=PontinhR;N;0;0
1025178;PontinhR_StAmaro;N;0;0
1025179;Alcant=PontinhR;N;0;0
1025180;PontinhR=Alcant;N;0;0
1025181;Calvario_PontinhR;N;0;0
1025182;PontinhR_Calvario;N;0;0
1025183;Calvario_PontinhR711;N;0;0
1025184;PontinhR_Calvario711;N;0;0
1025185;BPCruz_AlgesDF;N;0;0
1025186;Alges_BPCruzDF;N;0;0
1025187;CGrandeM_PontinhM;N;0;0
1025188;PontinhM_CGrandeM;N;0;0
1025193;Sapador_PontinhC;N;0;0
1025194;PontinhC_Sapador;N;0;0
4006240;MMoniz=MMonizStCl;N;0;0
4006780;MPombal_SerafinaN;N;0;0
1025213;ERoma-Ar_EOriente;N;0;0
1025214;EOriente_ERoma-Ar;N;0;0
4006781;Serafina_MPombalN;N;0;0
4006920;SRios=Amoreiras;N;0;0
4006921;Amoreiras=SRios;N;0;0
1025235;EEntrecp_Mf(Est);Y;1;0
1025236;Mf(Est)_EEntrecp;Y;1;0
1025273;ERoma-Ar_MPombal-V;Y;1;0
1025313;AvJMalhoa_MoscavC;N;0;0
1025314;MoscavC_AvJMalhoa;N;0;0
1025335;Pt(Est)_Restaur;Y;1;0
1025336;Restaur_Pt(Est);Y;1;0
1025613;ADamaia_SSueste;N;0;0
1025614;SSueste_ADamaia;N;0;0
1025615;Mf(Est)_SSueste;Y;1;0
1025616;SSueste_Mf(Est);Y;1;0
1025493;Graca=Prazeres;N;0;0
1025494;Prazeres=Graca;N;0;0
1025375;Pt(Est)_Alges;Y;1;0
1026073;Mg(Est)_BelemP;Y;1;0
1026074;BelemP_Mg(Est);Y;1;0
1025380;Alges_Mg(Est);Y;1;0
1025381;Mg(Est)_Alges;Y;1;0
1025393;Olivais_Olivais779;N;0;0
1025415;Pt(Est)_BelemGM;Y;1;0
1025416;BelemGM_Pt(Est);Y;1;0
1025421;BelemP_Mf(Est);Y;1;0
4001563;GFreire=RAlfand;N;0;0
4001601;Restaur_COurique;N;0;0
4001603;COurique_Restaur;N;0;0
4001645;Mf(Est)_DamaiaC;Y;1;0
4001647;DamaiaC_Mf(Est);Y;1;0
4001681;GFreire=RAlfand-V;Y;1;0
4001721;Alges_BelemP-V;N;0;0
4001761;AAjuda_Pt(Est);Y;1;0
4001801;AAjuda_Mf(Est);Y;1;0
4001841;MPombal_CaselasCS;N;0;0
4001843;Caselas_MPombalCS;N;0;0
4001845;CemAjuda_CSodre;N;0;0
4001847;CSodre_CemAjuda;N;0;0
4001881;GFreire=EStApoln;N;0;0
4001883;EStApoln=GFreire;N;0;0
4001921;EOriente_SSueste;N;0;0
4001965;Mf(Est)_CMPatria;Y;1;0
4001967;CMPatria_Mf(Est);Y;1;0
4001973;SRios_QBarros;N;0;0
4001975;QBarros_SRios;N;0;0
4002001;GFreire_CemAjuda;N;0;0
4002003;CemAjuda_GFreire;N;0;0
4002005;GFreire_CemAjudaSA;N;0;0
4002007;CemAjuda_GFreireSA;N;0;0
4002009;GFreire_CSodre;N;0;0
4002011;CSodre_GFreire;N;0;0
4002041;StAmaro_GFreire;N;0;0
4002401;PLondres_Portela;N;0;0
4002403;Portela_PLondres;N;0;0
4004920;Picheleir_AStAmaro;N;0;0
4004921;AStAmaro_Picheleir;N;0;0
4004940;Picheleir_Junqueira;N;0;0
4004941;Junqueira_Picheleir;N;0;0
4004960;AStAmaro_Mg(Est);Y;1;0
4004961;Mg(Est)_AStAmaro;Y;1;0
4003081;Restaur_EOriente;N;0;0
4003083;EOriente_Restaur;N;0;0
4003089;Mg(Est)_Restaur;Y;1;0
4003091;Restaur_Mg(Est);Y;1;0
4005420;Z-Alges_MPombal;N;0;0
4005421;MPombal_Alges-V;Y;1;0
4003460;CREst_Restaur;Y;1;0
4003461;Restaur_CREst;Y;1;0
4005440;Z-Alges_EOriente;N;0;0
4004180;MMoniz_Sapador;N;0;0
4004181;Sapador_MMoniz;N;0;0
4004200;EStApoln=Serafina;N;0;0
4004201;Serafina=EStApoln;N;0;0
4004202;EStApoln=SerafinaI;N;0;0
4004203;SerafinaI=EStApoln;N;0;0
4004280;CSanto=Prazeres;N;0;0
4004281;Prazeres=CSanto;N;0;0
4004300;CSanto_SA(Est);Y;1;0
4004301;SA(Est)_CSanto;Y;1;0
4004320;AlgesJ=StAmaro;N;0;0
4004321;StAmaro=AlgesJ;N;0;0
4004322;PFigueir=StAmaro(Direto);N;0;0
4004323;StAmaro=PFigueir(Direto);N;0;0
4004340;StAmaro_Mf(Est);N;1;0
4005441;EOriente_Alges-V;Y;1;0
4005580;GFreire_PAjuda;N;0;0
4005581;PAjuda_GFreire;N;0;0
4005860;CSodre_OdivB-SA;N;0;0
4005861;OdivB_CSodre-SA;N;0;0
4005900;PAjuda_Calvario;N;0;0
4005901;Calvario_PAjuda;N;0;0
4005920;Pt(Est)_PAjuda;Y;1;0
4005921;PAjuda_Pt(Est);Y;1;0
4006140;EOriente_Sacavem;N;0;0
4006340;Restaur_PNacoes;N;0;0
4006341;PNacoes_Restaur-V;N;1;0
4006660;EOriente_EStApoln;N;0;0
4006380;Campol_PNacoes;N;0;0
4006381;PNacoes_Campol-V;N;1;0
4006661;EStApoln_EOriente;N;0;0
4007220;COurique_COuriqueRt;N;0;
4007400;Entrecp_Entrecp;N;0;
4007700;ECampol_BelemJ81A;N;0;
4007701;BelemJ_ECampol81A;N;0;
4007920;PontinhM=ACego;N;0;
4007921;ACego=PontinhM;N;0;
4007922;PEspanha=PontinhM;N;0;
4007923;PontinhM=PEspanha;N;0;
4007924;EstrLuz=SRios;N;0;
4007925;SRios=EstrLuz;N;0;
4007926;MPombal=SRios;N;0;
4007927;SRios=MPombal;N;0;
4007928;MPombal=Calhariz;N;0;
4007929;Calhariz=MPombal;N;0;
4007960;MPombal_JSonoro;N;0;
4007961;JSonoro_MPombal;N;0;
4007962;JSonoro_PComerc;N;0;
4007963;PComerc_JSonoro-V;N;1;
4007980;Mg(Est)_JSonoro;N;1;
4008000;PComerc_Mg(Est);N;1;
4002201;Mg(Est)_CGrandeB;Y;1;0
4002203;CGrandeB_Mg(Est);Y;1;0
4002321;AlgesJ_CSodre;N;0;0
4002323;CSodre_AlgesJ;N;0;0
4002441;MPombal_PVelho;N;0;0
4002443;PVelho_MPombal;N;0;0
4003500;RSPaulo_LCalhariz-V;Y;1;0
4003501;LCalhariz_RSPaulo-V;Y;1;0
4002605;Fetais_PChile;N;0;0
4002603;PChile_Fetais;N;0;0
4002681;Pt(Est)_PLumiar;Y;1;0
4002683;PLumiar_Pt(Est);Y;1;0
4003880;Restaur_SPAlcant;N;0;0
4003881;SPAlcant_Restaur;N;0;0
4004120;Pt(Est)_ReboleirM;Y;1;0
4004121;ReboleirM_Pt(Est);Y;1;0
4004122;CMPatria_ReboleirM;N;0;0
4004123;ReboleirM_CMPatria;N;0;0
4004124;CGrandeM_ReboleirM;N;0;0
4004125;ReboleirM_CGrandeM;N;0;0
4004380;CSodre=Santos(Obras);N;0;0
4004381;Santos=CSodre(Obras);N;0;0
4004600;Entrecp_Rato;N;0;0
4004601;Rato_Entrecp;N;0;0
4005240;MPombal_PUAjuda;N;0;0
4005241;PUAjuda_MPombal;N;0;0
4007280;Mf(Est)_BelaFlor;N;1;
4007281;BelaFlor_Mf(Est);N;1;
4005560;BelemJ_EStApoln;N;0;0
4005561;EStApoln_BelemJ;N;0;0
4005720;ERoma-Ar_Caselas;N;0;0
4005760;CCongress_CCongress;N;0;0
4005960;Desterro=PUAjuda;N;0;0
4005961;PUAjuda=Desterro;N;0;0
4005982;CMilitM_PBenfica;N;0;0
4005981;CMilitM_CMilitM;N;0;0
4005983;PBenfica_CMilitM;N;0;0
4007282;Mf(Est)_SerafinaI;N;1;
4007283;SerafinaI_Mf(Est);N;1;
4007300;Sapador_Sapador;N;0;
4007301;CMPatria_CMPatria;N;0;
4007320;CarnideCC_CarnideCC;N;0;
4007340;Pt(Est)_CarnideCC;N;1;
4007341;CarnideCC_Pt(Est);N;1;
4007360;CCebolas_CCebolas;N;0;
4007361;Mf(Est)_CCebolas;N;1;
4007362;CCebolas_Mf(Est);N;1;
4007363;SRios_SRios52B;N;0;
4007380;Alameda_Alameda;N;0;
4007580;SA(Est)_EStApoln;N;1;
4007581;EStApoln_SA(Est);N;1;
4007660;EOriente=Restaur;N;0;
4007661;Restaur=EOriente;N;0;
4007860;CSodre=EOriente210;N;0;
4008080;SSueste_BelemJ;N;0;
4007862;EOriente=CSodre210;N;0;
4008100;BelemJ_SSueste;N;0;
4008120;SA(Est)_SSueste;N;1;
4008121;SSueste_SA(Est);N;1;
4008140;SRios=PontinhM;N;0;
4008141;PontinhM=SRios;N;0;
4008160;Pt(Est)_PEspanha;N;1;
4008161;PEspanha_Pt(Est);N;1;
4002121;Saldanha_Galinheir;N;0;0
4002123;Galinheir_Saldanha;N;0;0
4003093;CSodre_BPCruz;N;0;0
4003095;BPCruz_CSodre;N;0;0
4003097;PontinhM_CSodre;N;0;0
4003480;RSPaulo_LCalhariz;N;0;0
4003481;LCalhariz_RSPaulo;N;0;0
4003482;LAnunciad_RCamPestn;N;0;0
4003483;RCamPestn_LAnunciad;N;0;0
4004880;SRios_SRios-EM;N;0;0
4005280;Pt(Est)_CemAjuda;Y;1;0
4003780;ISEL_SRios;N;0;0
4004440;CMPatria_CMilitM;N;0;0
4004460;Alcant=PontinhR711;N;0;0
4004461;PontinhR=Alcant711;N;0;0
4005281;CemAjuda_Pt(Est);Y;1;0
4006500;Calvario_PNacoes;N;0;0
4006501;PNacoes_Calvario;N;0;0
4007040;Restaur_MoscavL;N;0;0
4007041;MoscavL_Restaur;N;0;0
4007540;AlcantM_AlcantM;N;0;
4007560;SA(Est)_AlcantM;N;1;
4007561;AlcantM_SA(Est);N;1;
4007600;EOriente_EOriente;N;0;
4007620;SRios_PUAjuda;N;0;
4007621;PUAjuda_SRios;N;0;
4007640;BelemJ=EOriente;N;0;
4007641;EOriente=BelemJ;N;0;
4007740;Mf(Est)_Picheleir;N;1;
4008040;EOriente_PteVGama;N;0;
4008041;PteVGama_EOriente;N;0;
4002281;Amoreiras_PVelho;N;0;0
4002283;PVelho_Amoreiras;N;0;0
4002563;PVelho_SSueste;N;0;0
4002607;Galinheir=CGrandMC-V;Y;1;0
4002561;SSueste_PVelho;N;0;0
4006620;CMilitM=PUAjuda;N;0;0
4006621;PUAjuda=CMilitM;N;0;0
4002893;CMPatria_CSodre;N;0;0
4002921;MPombal_Portela;N;0;0
4002923;Portela_MPombal;N;0;0
4002961;Alameda_ECampol;N;0;0
4002963;ECampol_Alameda;N;0;0
4002965;Alameda_Benfica;N;0;0
4002967;Benfica_Alameda;N;0;0
4003198;MMoniz=PLCamoesD;N;0;0
4003199;PLCamoes=MMonizD;N;0;0
4003258;CUnivers_QAlcout;N;0;0
4003259;QAlcout_CUnivers;N;0;0
4003380;PFigueir_BelemJ;N;0;0
4003381;BelemJ_PFigueir;N;0;0
4003382;SA(Est)_BelemJ;N;1;0
4003383;BelemJ_SA(Est);N;1;0
4003860;V-Gloria_Restaur;Y;1;0
4003861;V-Restaur_Gloria;Y;1;0
4003862;V-Gloria_SPAlcant;Y;1;0
4003863;V-SPAlcant_Gloria;Y;1;0
4007840;ERoma-Ar_PBelVista;N;0;
4007080;ISEL_ERoma-Ar;N;0;0
4003920;BelemJ_CSodre;N;0;0
4003921;CSodre_BelemJ;N;0;0
4007081;ERoma-Ar_ISEL;N;0;0
4004140;CREst_AvJMalhoa;Y;1;0
4007140;OdivB=Rossio;N;0;
4007160;Rossio=SRoubado;N;0;
4007161;SRoubado=Rossio;N;0;
4007260;BelaFlor_SerafinaI;N;0;
4004262;CPequeno_CREst;Y;1;0
4004263;CREst_CPequeno;Y;1;0
4004264;CPequeno_Mg(Est);Y;1;0
4004265;Mg(Est)_CPequeno;Y;1;0
4004420;CSodre=Prazeres;N;0;0
4004421;Prazeres=CSodre;N;0;0
4007261;SerafinaI_BelaFlor;N;0;
4007841;PBelVista_ERoma-Ar;N;0;
4002361;CSodre_SA(Est);Y;1;0
4002363;SA(Est)_CSodre;Y;1;0
4002641;CGrandM=GalinheirC-V;Y;1;0
4002643;CGrandM=GalinheirLMg;N;0;0
4002645;Galinheir=CGrandMLMg;N;0;0
4006980;ECampol=Estrela;N;0;0
4007000;Estrela_ECampol-V;Y;1;0
4007020;ECampol_Alges;N;0;0
4003041;EBenfica_Alges;N;0;0
4003300;Mf(Est)_Santos;Y;1;0
4003301;Santos_Mf(Est);Y;1;0
4007021;Alges=ECampol-V;N;0;0
4003840;Prazeres==Graca;N;0;0
4004360;EOriente=EStApoln;N;0;0
4004361;EStApoln=EOriente;N;0;0
4004744;Mg(Est)_Lumiar;Y;1;0
4004745;Lumiar_Mg(Est);Y;1;0
4004860;ROuro_LCarmo-V;Y;1;0
4004861;LCarmo_ROuro-V;Y;1;0
4005080;PSol=PLCamoes;N;0;0
4005081;PLCamoes=PSol;N;0;0
4007120;Alges_CQuebrFMH;N;0;
4005501;EOriente_CSodre-MP;N;0;0
4005502;CSodre_EOriente-V;Y;1;0
4007121;CQuebrFMH_Alges;N;0;
4007240;Entrecp_EntrecpUSF;N;0;
4007241;ERoma-Ar_ERoma-Ar;N;0;
4007680;Mf(Est)_BPCruz;N;1;
4007681;BPCruz_Mf(Est);N;1;
4007682;Mf(Est)_PontinhM;N;1;
4007683;PontinhM_Mf(Est);N;1;
4007760;MPombal_CCongress;N;0;
4007761;CCongress_MPombal;N;0;
4007780;Entrecp_BelemJ;N;0;
4007781;BelemJ_Entrecp;N;0;
4007940;Mf(Est)_SRios;N;1;
4007941;SRios_Mf(Est);N;1;
4007942;Mf(Est)_Calhariz;N;1;
4007943;Calhariz_Mf(Est);N;1;
4003440;CREst_SRios;Y;1;0
4003441;SRios_CREst;Y;1;0
4004620;Pt(Est)_Entrecp;Y;1;0
4004621;Entrecp_Pt(Est);Y;1;0
4006080;MMoniz_Sacavem;N;0;0
4006081;Sacavem_MMoniz;N;0;0
4006100;PChile_Sacavem;N;0;0
4006101;Sacavem_PChile;N;0;0
4002529;Aerop_AvJMalhoa;N;0;0
4002531;AvJMalhoa_Aerop;N;0;0
4006120;Mg(Est)_Sacavem;Y;1;0
4006121;Sacavem_Mg(Est);Y;1;0
4006122;CREst_Sacavem;Y;1;0
4006123;Sacavem_CREst;Y;1;0
4006680;Pt(Est)_Olaias;N;1;0
4006681;Olaias_Pt(Est);N;1;0
4006840;CMPatria=ReboleirM-ED;N;0;0
4006841;ReboleirM=CMPatria-ED;N;0;0
4006860;CGrandeM=EDamaia;N;0;0
4006861;EDamaia=CGrandeM;N;0;0
4007720;Picheleir_Mf(Est);N;1;
4007800;Mf(Est)_EstCR;N;1;
4007440;Estrela_Estrela;N;0;
4007460;Mf(Est)_Estrela;N;1;
4007461;Estrela_Mf(Est);N;1;
4007801;EstCR_EstPt;N;1;
4007802;EstPt_EstMf;N;1;
4002721;SRios_SRios;N;0;0
4003158;MMoniz=Prazeres12E;N;0;0
4003159;Prazeres=MMoniz12E;N;0;0
4003280;Santos=Prazeres;N;0;0
4003281;Prazeres=Santos;N;0;0
4003282;Santos_SA(Est);Y;1;0
4003283;SA(Est)_Santos;Y;1;0
4003284;Santos=GFreire(Obras);N;0;0
4003285;GFreire=Santos(Obras);N;0;0
4003740;Alcant=PontinhM;N;0;0
4003741;Pt(Est)_Alcant;Y;1;0
4003742;Alcant_Pt(Est);Y;1;0
4003760;AlgesJ=BelemJ;N;0;0
4003761;BelemJ=AlgesJ;N;0;0
4004220;MPombal=Caselas-InfS;N;0;0
4004221;Caselas=MPombal-InfS;N;0;0
4004222;PNacoesN_PNacoesS;N;0;0
4004223;PNacoesS_PNacoesN;N;0;0
4004400;Alameda_Sapador;N;0;0
4004401;Sapador_Alameda;N;0;0
4004760;Olivais_Olivais;N;0;0
4004980;COurique_Pt(Est);Y;1;0
4004762;PNacoesN_PNacoesS26B;N;0;0
4004763;PNacoesS_PNacoesN26B;N;0;0
4004981;Pt(Est)_COurique;Y;1;0
4005100;Mf(Est)_PSol;Y;1;0
4005101;PSol_Mf(Est);Y;1;0
4005120;PLCamoes_Estrela;N;0;0
4005121;Estrela_PLCamoes;N;0;0
4005460;Z-Alges_EStApoln;N;0;0
4005700;Mf(Est)_Entrecp;Y;1;0
4006320;MMoniz_CStClara;N;0;0
4006321;CStClara_MMoniz;N;0;0
4006960;SRios_ACego;N;0;0
4006961;ACego_SRios;N;0;0
4007100;HStMaria_Caselas;N;0;0
4007101;Caselas_HStMaria;N;0;0
4007180;BelemJ_Portela;N;0;
4007520;Alges=EBenfica;N;0;
4007900;PUAjuda_TapadAjud;N;0;
4007901;TapadAjud_PUAjuda;N;0;
4007902;PUAjuda_CSodre;N;0;
4007903;CSodre_PUAjuda;N;0;
4004660;VFormoso_BAlfinetes;N;0;0
4004661;BAlfinetes_VFormoso;N;0;0
4003820;MMoniz_Prazeres;N;0;0
4003821;Prazeres_MMoniz;N;0;0
4003822;MMoniz_Estrela;N;0;0
4003823;Estrela_MMoniz;N;0;0
4003824;MMoniz=PLCamoes;N;0;0
4003825;PLCamoes=MMoniz;N;0;0
4003826;Graca_Estrela;N;0;0
4003827;Estrela==Graca;N;0;0
4003960;Pt(Est)_ADamaia;Y;1;0
4003961;ADamaia_Pt(Est);Y;1;0
4004020;PFigueir_GFreire;N;0;0
4004021;GFreire_PFigueir;N;0;0
4004040;GFreire_PFigueir-V;Y;1;0
4005200;Sapador=Sapador;N;0;0
4004681;AmendM_AmendM;N;0;0
4004682;AChapel_Lumiar;N;0;0
4004683;Lumiar_AChapel;N;0;0
4005260;CemAjuda_BoaHora;N;0;0
4005261;BoaHora_CemAjuda;N;0;0
4005620;PAjuda_Mf(Est);Y;1;0
4005621;Mf(Est)_PAjuda;Y;1;0
4005780;Mf(Est)_CCongress;Y;1;0
4005781;CCongress_Mf(Est);Y;1;0
4005800;BoaHora_BoaHora;N;0;0
4005801;Alges_Alges;N;0;0
4005880;PLumiar_PLumiar43B;N;0;0
4005881;PLumiar_PLumiar44B;N;0;0
4006460;CSodre_PNacoes;N;0;0
4006420;CREst_Campol;Y;1;0
4006440;PNacoes_Mf(Est);Y;1;0
4006461;PNacoes_CSodre;N;0;0
4006480;Mf(Est)_PNacoes;Y;1;0
4006560;Mf-16_Mg-13;N;0;0
4006561;Mg-13_Mf-16;N;0;0
4006562;EstMf_Mf(Est);N;1;0
4006563;Mf(Est)_EstMf;Y;1;0
4006760;Fetais_CGrandeM;N;0;0
4006761;CGrandeM_Fetais-V;Y;1;0
4006800;Fetais_CGrandeM-V;Y;1;0
4006820;CGrandeM_Fetais;N;0;0
4006940;EStApoln_Alameda;N;0;0
4006941;Alameda_EStApoln;N;0;0
4007820;VelaLatina_Santos;N;0;
4007821;Santos_VelaLatina;N;0;
4008060;PFigueir_CSodreE;N;0;
4008061;CSodre_PFigueirE;N;0;
