ID;NAME;START_NODE_ID;END_NODE_ID;SEG_TYPE_ID;DEFAULT_LENGTH;AVG_DURATION;VISIBLE
1000677;Campol_ECampol;1000119;311;1;2890;12;Y
1000678;ECampol_Campol;311;1000119;1;2410;10;Y
1000681;Campol_MPombal;1000119;85;1;1535;6;Y
1000682;MPombal_Campol;85;1000119;1;1490;6;Y
1000687;Campol_SRios;1000119;50;1;2005;8;Y
1000688;SRios_Campol;50;1000119;1;2045;8;Y
1000691;Caselas_PCampismo;41;84;1;2180;9;Y
1000720;CGrandeM_TelheirasPV;60;1000127;1;2710;10;Y
1000721;Telheiras_CGrandeMPV;1000127;60;1;2710;10;Y
1000750;ISEL_EOriente;127;148;1;3830;15;Y
1000751;EOriente_ISEL;148;127;1;3200;13;Y
1000770;CRuivo_OlivaisN;20;393;1;3400;14;Y
1000775;PBispo_CRuivo;63;20;1;3470;14;Y
1000782;CSanto_RAlfand;140;1000009;1;830;5;Y
1000783;RAlfand_CSanto;1000009;140;1;830;5;Y
1000785;CSodre_PReal;70;417;1;1430;6;Y
1000786;PReal_CSodre;417;70;1;1430;6;Y
1000795;EDamaia_PBenfica;39;29;1;1050;4;Y
1000796;PBenfica_EDamaia;29;39;1;1090;5;Y
1000805;EBenfica_SRios;191;50;1;2910;8;Y
1000806;SRios_EBenfica;50;191;1;3260;7;Y
1000807;ECampol_SerafinaI;311;94;1;780;4;Y
1000808;SerafinaI_ECampol;94;311;1;780;4;Y
1000809;EMonsant_PRecreat;392;131;1;1040;4;Y
1000810;PRecreat_EMonsant;131;392;1;1040;4;Y
1000820;EOriente_MoscavL;148;1000122;1;1620;6;Y
1000821;MoscavL_EOriente;1000122;148;1;2020;8;Y
1000832;EStApoln_Xabregas;38;1000128;1;2075;7;Y
1000833;Xabregas_EStApoln;1000128;38;1;2090;7;Y
1000834;EStApoln_XabregasIn;38;1000128;1;2015;5;Y
1000835;Xabregas_EStApolnIn;1000128;38;1;2015;5;Y
1000836;Estrela_Rato;1000012;1000125;1;960;4;Y
1000837;Rato_Estrela;1000125;1000012;1;960;4;Y
1003681;EStApoln_Sapador;38;96;1;1740;9;Y
1000839;Galinheir_Fetais;138;128;1;1510;6;Y
1003682;Sapador_EStApoln;96;38;1;1680;8;Y
1003683;Z_Sapador_Alameda;96;1000409;1;2350;12;Y
1003684;Z_Alameda_Sapador;1000409;96;1;2400;13;Y
1003685;Alameda_Areeiro;1000409;9;1;520;4;Y
1003686;Areeiro_Alameda;9;1000409;1;520;4;Y
1003687;V-Mg(Est)_Alameda;64;1000409;2;6128;25;Y
1003688;V-Alameda_Mg(Est);1000409;64;2;5738;25;Y
1003841;Z_CMilitM_EBenfica;35;191;1;2100;8;Y
1003842;Z_EBenfica_CMilitM;191;35;1;1890;8;Y
1003843;Z_EBenfica_DamaiaC;191;115;1;3870;15;Y
1003844;Z_DamaiaC_EBenfica;115;191;1;3430;14;Y
1003981;V-Mf(Est)_Junqueira;25;117;2;6410;25;Y
1003982;V-Junqueira_Mf(Est);117;25;2;6440;25;Y
1000867;HStMaria_SRios;43;50;1;1680;7;Y
1000868;SRios_HStMaria;50;43;1;1680;7;Y
1000890;Marvila_Xabregas;89;1000128;1;1710;7;Y
1000891;Xabregas_Marvila;1000128;89;1;1560;6;Y
1000906;MPombal_Restaur;85;88;1;1350;5;Y
1000907;Restaur_MPombal;88;85;1;1350;5;Y
1000919;PChile_Sapador;65;96;1;1830;7;Y
1000920;Sapador_PChile;96;65;1;1830;7;Y
1000931;PComerc_Santos;12;69;1;1700;7;Y
1000932;Santos_PComerc;69;12;1;2290;9;Y
1000945;Portela_QMorgado;71;312;1;970;3;Y
1000946;QMorgado_Portela;312;71;1;1025;3;Y
1000949;PReal_SBento;417;135;1;890;4;Y
1000950;SBento_PReal;135;417;1;950;4;Y
1000953;PVelho_QMorgado;68;312;1;1570;6;Y
1000954;QMorgado_PVelho;312;68;1;1675;6;Y
1000999;V-Mf(Est)_RAlfand;25;1000009;2;11572;40;Y
1001000;V-RAlfand_Mf(Est);1000009;25;2;11691;35;Y
1001019;Z_BelemJ_Calvario;149;56;1;2730;11;Y
1001020;Z_Calvario_BelemJ;56;149;1;2730;10;Y
1001039;V-AlcantT_Mf(Est);49;25;2;8030;30;Y
1001059;Z_CPequeno_EstrLuz;53;413;1;4310;21;Y
1001060;Z_EstrLuz_CPequeno;413;53;1;4220;22;Y
1001105;V-Pt(Est)_Restaur;26;88;2;8090;45;Y
1001106;V-Restaur_Pt(Est);88;26;2;8090;40;Y
1001119;V-Pt(Est)_PontinhM;26;55;2;363;5;Y
1001138;V-Musgueira_Mg(Est);129;64;2;110;5;Y
1001159;V-PFigueir_SA(Est);17;1000007;2;4811;25;Y
1001160;V-SA(Est)_PFigueir;1000007;17;2;4807;25;Y
1001162;Z_PFigueir_BelemJ;17;149;1;7150;30;Y
1001166;Z_BelemP_CSodre;111;70;1;5220;13;Y
1001171;V-BelemP_Mf(Est);111;25;2;5360;20;Y
1001172;V-Mf(Est)_BelemP;25;111;2;8170;20;Y
1001175;V-CREst_MoscavL;7;1000122;2;3176;20;Y
1001176;V-MoscavL_CREst;1000122;7;2;3543;20;Y
1001177;Z_MPombal_LVelha;85;121;1;9400;25;Y
1001178;Z_LVelha_MPombal;121;85;1;9400;25;Y
1001181;Z_BelemJ_LVelha;149;121;1;6050;16;Y
1001182;Z_LVelha_BelemJ;121;149;1;6050;16;Y
1001201;V-Graca_SA(Est);437;1000007;2;7165;40;Y
1001202;V-MMoniz_SA(Est);47;1000007;2;5014;28;Y
1001203;V-SA(Est)_MMoniz;1000007;47;2;5088;28;Y
1001261;Z_CPequeno_HStMaria;53;43;1;1990;10;Y
1001262;Z_HStMaria_CPequeno;43;53;1;1990;10;Y
1001265;Z_CPequeno_ISEL;53;127;1;6620;20;Y
1001266;Z_ISEL_CPequeno;127;53;1;7820;20;Y
1001279;V-Mg(Est)_PVelho;64;68;2;7213;30;Y
1001280;V-PVelho_Mg(Est);68;64;2;6693;30;Y
1001282;V-Mg(Est)_EOriente;64;148;2;7023;30;Y
1001283;V-EOriente_Mg(Est);148;64;2;6452;25;Y
1001286;V-Pt(Est)_Saldanha;26;415;2;6790;40;Y
1001287;V-Saldanha_Pt(Est);415;26;2;6790;30;Y
1001288;V-Mg(Est)_Portela;64;71;2;7865;40;Y
1001289;V-Portela_Mg(Est);71;64;2;7166;40;Y
1001290;V-Mf(Est)_Marvila;25;89;2;17370;45;Y
1001291;V-Marvila_Mf(Est);89;25;2;17370;45;Y
1001292;V-Mg(Est)_MoscavL;64;1000122;2;7365;30;Y
1001293;V-MoscavL_Mg(Est);1000122;64;2;7230;30;Y
1004210;V-Mf(Est)_AlcantM-I;25;1000430;2;7559;30;Y
4000161;EStApoln_CRuivo;38;20;1;6894;11;Y
4000163;CRuivo_EStApoln;20;38;1;7029;13;Y
4000281;Z_RAlHerc_CSodre;332;70;1;3500;16;Y
4001127;EOriente_SSebast;148;122;1;10000;25;Y
4001129;CSodre_CGrandeM;70;60;1;8500;20;Y
4001125;SSebast_EOriente;122;148;1;10000;24;Y
4001131;CGrandeM_CSodre;60;70;1;8500;21;Y
4001201;Anjos_MPombal;1000113;85;1;1848;10;Y
4001203;MPombal_Anjos;85;1000113;1;1929;8;Y
4001321;Z_RAlfand_Santos;1000009;69;1;2204;9;Y
4001323;Z_Santos_RAlfand;69;1000009;1;2267;8;Y
4001521;GFreire_PChile;118;65;1;1657;9;Y
4001523;PChile_GFreire;65;118;1;1999;9;Y
4001601;GFreire_MMoniz;118;47;1;1967;10;Y
4001603;MMoniz_GFreire;47;118;1;2040;9;Y
4001921;PLondres_Areeiro;1000429;9;1;785;3;Y
4001923;Areeiro_PLondres;9;1000429;1;580;3;Y
4002474;Restelo_BelemJ-CcG;103;149;1;2900;9;Y
4002475;BelemJ_Restelo-CcG;149;103;1;2850;10;Y
4002874;ReboleirM_CMilitM;4000382;35;1;5857;24;Y
4002875;CMilitM_ReboleirM;35;4000382;1;5260;23;Y
4002876;V-Pt(Est)_ReboleirM;26;4000382;2;3349;15;Y
4002877;V-ReboleirM_Pt(Est);4000382;26;2;3520;15;Y
4003054;Alameda_PChile;1000409;65;1;599;3;Y
4003055;PChile_Alameda;65;1000409;1;888;3;Y
4003734;Alges_CSodre;92;70;1;8170;30;Y
4003735;V-CSodre_Alges;70;92;2;8170;25;Y
1162;V-EOriente_Pt(Est);148;26;2;16100;40;Y
1004054;Mf(Est)_Alges;25;92;1;2020;5;Y
1004055;Mf(Est)_LVelha;25;121;1;1150;1;Y
1165;V-BMDeus_CREst;74;7;2;4050;25;Y
1166;V-CREst_BMDeus;7;74;2;8350;25;Y
1167;ACego_PChile;150;65;1;985;7;Y
1168;PChile_ACego;65;150;1;895;5;Y
1004056;LVelha_Mf(Est);121;25;1;910;1;Y
1004057;CSodre_Rato;70;1000125;1;2240;8;Y
1004058;Rato_CSodre;1000125;70;1;2190;8;Y
1004059;Rato_Campol;1000125;1000119;1;1760;5;Y
1004060;Campol_Rato;1000119;1000125;1;1800;12;Y
1176;Z_EOriente_SRios;148;50;1;10600;37;Y
1185;Z_BelemP_Alges;111;92;1;2000;10;Y
1186;Z_Alges_BelemP;92;111;1;1600;8;Y
1004061;SRios_Pt(Est);50;26;1;3700;9;Y
1214;Z_CSodre_BelemJ;70;149;1;8900;15;Y
1215;Z_BelemJ_CSodre;149;70;1;8350;13;Y
1234;V-CUnivers_Pt(Est);109;26;2;5916;22;Y
1235;V-Pt(Est)_CUnivers;26;109;2;5079;22;Y
1254;Z_StAmaro_AlcantT;171;49;1;900;3;Y
1274;V-Mg(Est)_Areeiro;64;9;2;5566;20;Y
1004063;Pt(Est)_EBenfica;26;191;1;4820;14;Y
1004064;EBenfica_Pt(Est);191;26;1;5250;15;Y
1354;PontinhR_PontinhM;251;55;1;500;2;Y
1355;PontinhM_PontinhR;55;251;1;600;3;Y
1374;V-PComerc_Mf(Est);12;25;2;11132;35;Y
1394;Z_Amoreiras_CPequeno;271;53;1;3100;19;Y
1395;Z_CPequeno_Amoreiras;53;271;1;3100;19;Y
1396;V-Amoreiras_CREst;271;7;2;8937;40;Y
1397;V-CREst_Amoreiras;7;271;2;9502;45;Y
1398;V-PontinhM_Pt(Est);55;26;2;306;10;Y
1414;Z_CSodre_MPombal;70;85;1;3450;17;Y
1415;Z_MPombal_CSodre;85;70;1;2900;15;Y
1434;V-Mf(Est)_AlcantT;25;49;2;8000;30;Y
1004065;EBenfica_Mf(Est);191;25;1;6340;12;Y
1455;Z_AlcantM_ECampol;95;311;1;3640;18;Y
1004066;Mf(Est)_EBenfica;25;191;1;7270;14;Y
1457;V-ECampol_Pt(Est);311;26;2;7084;30;Y
1458;V-Pt(Est)_ECampol;26;311;2;6722;30;Y
1004067;ISEL_BMDeus;127;74;1;2970;7;Y
1004068;BMDeus_ISEL;74;127;1;3080;8;Y
1461;Z_Calvario_ECampol;56;311;1;3560;16;Y
1004069;BMDeus_Xabregas;74;1000128;1;1180;2;Y
1463;Z_ECampol_MPombal;311;85;1;3880;18;Y
1004070;Xabregas_BMDeus;1000128;74;1;1180;2;Y
1004071;PChile_Saldanha;65;415;1;1150;6;Y
1004072;Saldanha_PChile;415;65;1;1150;6;Y
1004073;Saldanha_Campol;415;1000119;1;1940;6;Y
1004074;Campol_Saldanha;1000119;415;1;1950;5;Y
1004075;Campol_SA(Est);1000119;1000007;1;3950;9;Y
1004076;SA(Est)_Campol;1000007;1000119;1;3630;9;Y
1004077;SA(Est)_BoaHora;1000007;457;1;1560;4;Y
1004078;BoaHora_SA(Est);457;1000007;1;1680;4;Y
1477;Restelo_BelemJ;103;149;1;2330;7;Y
1478;BelemJ_Restelo;149;103;1;2100;10;Y
1479;CSodre_EStApoln28;70;38;1;2070;15;Y
1480;EStApoln_CSodre28;38;70;1;2070;9;Y
1004079;PAerop_CGrandeM;372;60;1;3270;6;Y
1004080;CGrandeM_PAerop;60;372;1;3280;6;Y
1483;V-Portela_Mf(Est);71;25;2;17059;55;Y
1484;V-Mf(Est)_Portela;25;71;2;23759;60;Y
1491;Z_Calvario_MPombal;56;85;1;3910;20;Y
1492;Z_MPombal_Calvario;85;56;1;3910;20;Y
1493;Z_PComerc_PBispo;12;63;1;5120;15;Y
1004081;EBenfica_Restelo;191;103;1;6770;10;Y
1495;Z_CRuivo_QMorgado;20;312;1;3470;16;Y
1496;Z_QMorgado_CRuivo;312;20;1;3150;15;Y
1004082;Restelo_EBenfica;103;191;1;6350;9;Y
1004083;Restelo_BelemP;103;111;1;2680;4;Y
1004084;BelemP_Restelo;111;103;1;2550;4;Y
1004101;Z_PBenfica_SRios;29;50;1;3880;9;Y
1513;V-ISEL_Mf(Est);127;25;2;19100;55;Y
1514;V-Mf(Est)_ISEL;25;127;2;17580;60;Y
1531;Z_CSodre_RAlHerc;70;332;1;3770;17;Y
1004102;PBenfica_PontinhM;29;55;1;2140;5;Y
1004103;PontinhM_PBenfica;55;29;1;1990;4;Y
1004104;V-Mg(Est)_BelemP;64;111;2;5000;40;Y
1535;V-CSodre_Pt(Est);70;26;2;9802;40;Y
1536;V-EStApoln_Pt(Est);38;26;2;14886;55;Y
1537;V-Pt(Est)_CSodre;26;70;2;9932;45;Y
1538;V-Pt(Est)_EStApoln;26;38;2;11015;50;Y
1539;EStApoln_PChile;38;65;1;3050;15;Y
1540;PChile_EStApoln;65;38;1;3050;15;Y
1551;V-Mg(Est)_CCaparica;64;6;2;24340;45;Y
1552;V-CCaparica_Mg(Est);6;64;2;24470;45;Y
1571;Z_SRios_ADamaia;50;352;1;5900;27;Y
1004105;V-BelemP_Mg(Est);111;64;2;5000;40;Y
1004106;V-CREst_BelemP;7;111;2;5500;35;Y
1004107;V-BelemP_CREst;111;7;2;5500;35;Y
1613;V-EMonsant_Pt(Est);392;26;2;5900;20;Y
1614;V-Pt(Est)_EMonsant;26;392;2;5830;25;Y
1631;V-MPombal_Pt(Est);85;26;2;8508;30;Y
1632;V-Pt(Est)_MPombal;26;85;2;6998;35;Y
1655;V-CemAjuda_Mf(Est);412;25;2;6100;25;Y
1656;V-Mf(Est)_CemAjuda;25;412;2;5976;25;Y
1659;V-Olaias_Mf(Est);116;25;2;17840;60;Y
1660;V-Mf(Est)_Olaias;25;116;2;17840;60;Y
1663;V-EstrLuz_Mf(Est);413;25;2;15500;40;Y
1664;V-Mf(Est)_EstrLuz;25;413;2;15270;40;Y
1665;Z_SRios_CMilitM;50;35;1;4600;18;Y
1705;Z_V-Mf(Est)_CSanto;25;140;2;9100;40;Y
1706;COurique_Amoreiras;24;271;1;1750;10;Y
1707;V-Amoreiras_Mf(Est);271;25;2;8610;15;Y
1710;EOriente_PNacoesS;148;414;1;2110;7;Y
1714;V-CREst_PNacoesN;7;40;2;7880;20;Y
1715;V-PNacoesN_CREst;40;7;2;8455;20;Y
1716;CPequeno_Saldanha;53;415;1;985;10;Y
1717;Saldanha_CPequeno;415;53;1;995;10;Y
1722;V-Mg(Est)_Saldanha;64;415;2;6130;25;Y
1723;V-Saldanha_Mg(Est);415;64;2;6530;25;Y
1764;Z_PComerc_PReal;12;417;1;2130;10;Y
1765;Z_PReal_PComerc;417;12;1;2130;13;Y
1766;V-PReal_Pt(Est);417;26;2;8350;35;Y
1787;EStApoln_Graca;38;437;1;1530;12;Y
1788;Graca_EStApoln;437;38;1;1510;11;Y
1789;Graca_MMoniz;437;47;1;2280;14;Y
1790;MMoniz_Graca;47;437;1;1910;14;Y
1807;Z_MPombal_SRios;85;50;1;3140;17;Y
1808;Z_SRios_MPombal;50;85;1;3140;17;Y
1827;Z_BPCruz_SSebast;37;122;1;8120;23;Y
1828;Z_SSebast_BPCruz;122;37;1;8020;22;Y
1851;Z_EStApoln_EOriente;38;148;1;8150;21;Y
1852;Z_EOriente_EStApoln;148;38;1;7880;22;Y
1853;Z_EOriente_Portela;148;71;1;4020;19;Y
1854;Z_Portela_EOriente;71;148;1;3790;12;Y
1857;Z_BoaHora_AlcantT;457;49;1;2460;11;Y
1858;Z_AlcantT_BoaHora;49;457;1;2760;13;Y
1003744;SSueste_CSodre;1000389;70;1;1277;3;Y
1003745;SSueste_EStApoln;1000389;38;1;1100;4;Y
1863;Z_EBenfica_Alges;191;92;1;8230;20;Y
1864;Z_Alges_EBenfica;92;191;1;8020;20;Y
1867;V-CREst_Aerop;7;105;2;3292;15;Y
1003746;EStApoln_SSueste;38;1000389;1;1100;5;Y
1003747;V-Mg(Est)_SSueste;64;1000389;2;12848;35;Y
1907;CMPatria_ACego;28;150;1;1780;7;Y
1003821;Z_AvJMalhoa_EOriente;1000269;148;1;12000;40;Y
1003822;Z_EOriente_AvJMalhoa;148;1000269;1;12000;40;Y
1004141;Z_SRios_Buraca;50;58;1;4550;18;Y
1004142;Z_Buraca_SRios;58;50;1;4560;16;Y
1912;ACego_CMPatria;150;28;1;1710;7;Y
1000039;V-AlgesJ_SA(Est);1000010;1000007;2;4870;25;Y
1000040;V-SA(Est)_AlgesJ;1000007;1000010;2;5087;25;Y
1000043;Estrela_Prazeres;1000012;1000011;1;950;6;Y
1000045;Prazeres_Estrela;1000011;1000012;1;950;6;Y
1000050;V-Estrela_SA(Est);1000012;1000007;2;7276;50;Y
1000065;V-SA(Est)_RAlfand;1000007;1000009;2;4499;39;Y
1000068;V-RAlfand_SA(Est);1000009;1000007;2;4480;25;Y
1000075;V-Prazeres_SA(Est);1000011;1000007;2;9180;55;Y
1000076;V-SA(Est)_Prazeres;1000007;1000011;2;7464;45;Y
1000175;PLCamoes_Estrela;1000055;1000012;1;1510;12;Y
1000176;Estrela_PLCamoes;1000012;1000055;1;1690;15;Y
1000234;RConceic_PLCamoes;1000088;1000055;1;920;6;Y
1000235;PLCamoes_RConceic;1000055;1000088;1;950;6;Y
1004143;Buraca_AlfragBZ;58;54;1;4280;14;Y
1004144;AlfragBZ_Buraca;54;58;1;4140;13;Y
1000301;V-Mf(Est)_Restaur;25;88;2;10383;30;Y
1000302;V-Restaur_Mf(Est);88;25;2;10812;30;Y
1000319;V-GFreire_CSodre;118;70;2;3500;8;Y
1000379;V-SA(Est)_Estrela;1000007;1000012;2;6570;30;Y
1000399;Z_RAlfand_BoaHora;1000009;457;1;5990;31;Y
1000400;BoaHora_CemAjudaE;457;412;1;1280;7;Y
1000401;CemAjuda_BoaHoraE;412;457;1;1280;7;Y
1000402;Z_BoaHora_RAlfand;457;1000009;1;6040;29;Y
1000403;Z_BoaHora_StAmaro;457;171;1;2130;11;Y
1000404;Z_StAmaro_BoaHora;171;457;1;2130;13;Y
1000405;V-StAmaro_SA(Est);171;1000007;2;280;5;Y
1000406;V-CemAjuda_SA(Est);412;1000007;2;3414;20;Y
1000407;V-SA(Est)_CemAjuda;1000007;412;2;3323;20;Y
1000419;AAjuda_BelemP;1000111;111;1;1380;6;Y
1000420;BelemP_AAjuda;111;1000111;1;1380;6;Y
1000433;ACego_Areeiro;150;9;1;1680;7;Y
1000434;Areeiro_ACego;9;150;1;1630;7;Y
1000441;ACego_PChileAl;150;65;1;1325;5;Y
1000442;PChile_ACegoAl;65;150;1;1500;6;Y
1000457;Alcant_Calvario;1000109;56;1;400;1;Y
1000458;Calvario_Alcant;56;1000109;1;290;1;Y
1000461;Alcant_StAmaro;1000109;171;1;800;2;Y
1000462;StAmaro_Alcant;171;1000109;1;720;2;Y
1000469;AlcantT_Campol;49;1000119;1;2850;11;Y
1000470;Campol_AlcantT;1000119;49;1;2850;11;Y
1000473;AlcantT_ECampol;49;311;1;3270;13;Y
1000474;ECampol_AlcantT;311;49;1;3350;13;Y
1000475;AlcantT_Estrela;49;1000012;1;3140;13;Y
1000476;Estrela_AlcantT;1000012;49;1;3290;13;Y
1000477;AlcantT_PEspanha;49;8;1;4380;17;Y
1000478;PEspanha_AlcantT;8;49;1;4720;19;Y
1000497;AlgesJ_BelemJ;1000010;149;1;2810;10;Y
1000498;BelemJ_AlgesJ;149;1000010;1;2770;10;Y
1000509;Amoreiras_COurique;271;24;1;1920;8;Y
1003721;CSodre_EStApoln;70;38;1;2070;13;Y
1003722;EStApoln_CSodre;38;70;1;2070;14;Y
11;Z_CGrandeM_CCaparica;60;6;1;22400;90;Y
13;Z_CCaparica_CGrandeM;6;60;1;22000;88;Y
1003781;V-Mf(Est)_Alameda;25;1000409;2;15000;30;Y
1003782;V-Alameda_Mf(Est);1000409;25;2;15000;30;Y
1003783;V-Alameda_Pt(Est);1000409;26;2;7419;35;Y
32;Z_CRuivo_SRios;20;50;1;8000;32;Y
1003784;V-Pt(Est)_Alameda;26;1000409;2;7756;35;Y
36;Z_EscDDinis_BelaVist;19;18;1;2700;11;Y
43;AvPauloVI_CRuivo;13;20;1;3010;15;Y
60;V-Mf(Est)_COurique;25;24;2;9312;42;Y
61;V-COurique_Mf(Est);24;25;2;9604;43;Y
64;V-Pt(Est)_BenficaC;26;27;2;1298;12;Y
65;V-BenficaC_Pt(Est);27;26;2;1164;12;Y
66;V-CMPatria_Pt(Est);28;26;2;10155;44;Y
71;V-Pt(Est)_CMPatria;26;28;2;9831;45;Y
72;V-Pt(Est)_PBenfica;26;29;2;1781;15;Y
73;V-PBenfica_Pt(Est);29;26;2;1727;15;Y
76;Z_SRios_PBenfica;50;29;1;3880;8;Y
116;V-CMilitM_Pt(Est);35;26;2;1509;12;Y
117;V-Pt(Est)_CMilitM;26;35;2;1576;12;Y
118;V-BPCruz_Pt(Est);37;26;2;2508;15;Y
119;V-Pt(Est)_BPCruz;26;37;2;2633;15;Y
123;EStApoln_PComerc;38;12;1;1806;5;Y
126;PComerc_EStApoln;12;38;1;1545;7;Y
130;V-EStApoln_Mf(Est);38;25;2;13981;61;Y
131;V-Mf(Est)_EStApoln;25;38;2;13774;62;Y
132;V-EDamaia_Mf(Est);39;25;2;6267;41;Y
133;V-Mf(Est)_EDamaia;25;39;2;8899;25;Y
134;PNacoesN_EOriente;40;148;1;2840;11;Y
149;V-Caselas_Mf(Est);41;25;2;4604;20;Y
150;V-Mf(Est)_Caselas;25;41;2;4188;20;Y
151;V-Mf(Est)_HStMaria;25;43;2;13210;61;Y
152;V-HStMaria_Mf(Est);43;25;2;13870;64;Y
157;MMoniz_PComerc;47;12;1;1160;5;Y
159;Z_PComerc_AlcantT;12;49;1;4500;18;Y
161;Z_AlcantT_StAmaro;49;171;1;850;3;Y
167;PComerc_MMoniz;12;47;1;1210;6;Y
169;V-Mf(Est)_MMoniz;25;47;2;11612;45;Y
171;V-Mf(Est)_StAmaro;25;171;2;6850;30;Y
172;V-Mf(Est)_PComerc;25;12;2;11732;52;Y
173;V-MMoniz_Mf(Est);47;25;2;11785;45;Y
175;Z_Areeiro_CMilitM;9;35;1;7900;32;Y
179;Z_EDamaia_CMilitM;39;35;1;3700;15;Y
181;Z_CMilitM_EDamaia;35;39;1;3300;13;Y
185;V-Pt(Est)_EDamaia;26;39;2;2853;17;Y
186;V-EDamaia_Pt(Est);39;26;2;2776;17;Y
207;Z_CPequeno_SRios;53;50;1;2700;11;Y
213;Z_SRios_CPequeno;50;53;1;3200;13;Y
215;V-Pt(Est)_CPequeno;26;53;2;6326;29;Y
216;V-CPequeno_Pt(Est);53;26;2;6593;30;Y
217;V-Pt(Est)_AlfragBZ;26;54;2;7710;37;Y
218;V-AlfragBZ_Pt(Est);54;26;2;4726;38;Y
219;V-Pt(Est)_SRios;26;50;2;4533;20;Y
220;V-SRios_Pt(Est);50;26;2;5667;20;Y
221;V-Pt(Est)_PontinhR;26;251;2;1010;10;Y
222;V-PontinhR_Pt(Est);251;26;2;928;10;Y
227;AlcantT_Calvario;49;56;1;670;1;Y
229;Calvario_AlcantT;56;49;1;350;1;Y
235;V-Pt(Est)_AlfragN;26;211;2;7038;36;Y
236;V-Pt(Est)_Benfica;26;57;2;2113;12;Y
237;V-AlfragN_Pt(Est);211;26;2;5874;29;Y
238;V-Benfica_Pt(Est);57;26;2;2451;15;Y
239;CUnivers_SRios;109;50;1;2720;8;Y
244;SRios_CUnivers;50;109;1;3760;8;Y
248;Lumiar_Charneca;61;59;1;3780;14;Y
250;Charneca_Lumiar;59;61;1;3540;12;Y
271;V-CREst_PBispo;7;63;2;3201;13;Y
275;V-CREst_MMoniz;7;47;2;7516;33;Y
276;V-MMoniz_CREst;47;7;2;8013;33;Y
284;V-Mg(Est)_MMoniz;64;47;2;9072;39;Y
285;V-MMoniz_Mg(Est);47;64;2;9036;37;Y
288;Areeiro_PChile;9;65;1;1035;5;Y
290;PChile_Areeiro;65;9;1;1000;4;Y
292;Z_MMoniz_PChile;47;65;1;2150;9;Y
294;Z_Areeiro_MoscavR;9;33;1;8100;32;Y
298;Z_PChile_MMoniz;65;47;1;2150;9;Y
314;V-CREst_EStApoln;7;38;2;6750;15;Y
315;V-EStApoln_CREst;38;7;2;7730;31;Y
318;V-CREst_PVelho;7;68;2;5589;20;Y
319;V-PVelho_CREst;68;7;2;6456;20;Y
320;Z_PComerc_CRuivo;12;20;1;8450;34;Y
330;V-CSodre_CREst;70;7;2;8696;30;Y
331;Z_Santos_CSodre;69;70;1;1314;10;Y
333;CSodre_PComerc;70;12;1;940;3;Y
335;Z_PComerc_BFlamenga;12;134;1;6250;25;Y
339;PComerc_CSodre;12;70;1;813;3;Y
365;V-CREst_PChile;7;65;2;5920;25;Y
366;V-CREst_Portela;7;71;2;3410;25;Y
367;V-PChile_CREst;65;7;2;7690;25;Y
368;V-Portela_CREst;71;7;2;4420;20;Y
377;V-CREst_CSodre;7;70;2;9045;30;Y
380;Z_CSodre_CPequeno;70;53;1;5350;12;Y
382;Z_CPequeno_PVelho;53;68;1;8350;33;Y
396;Z_PComerc_Rossio;12;72;1;850;4;Y
405;Z_Rossio_COurique;72;24;1;4000;16;Y
419;Z_PChile_BMDeus;65;74;1;4150;17;Y
421;Z_BMDeus_PChile;74;65;1;4150;17;Y
425;V-Mg(Est)_BMDeus;64;74;2;7841;49;Y
426;V-BMDeus_Mg(Est);74;64;2;7349;34;Y
427;V-Mg(Est)_CasAjuda;64;77;2;17054;77;Y
428;V-CasAjuda_Mg(Est);77;64;2;13423;55;Y
430;V-Mg(Est)_PChile;64;65;2;8514;30;Y
450;V-CSodre_Mg(Est);70;64;2;13879;50;Y
451;V-Mg(Est)_CSodre;64;70;2;9190;55;Y
479;Lumiar_CGrandeM;61;60;1;1590;8;Y
481;CGrandeM_Lumiar;60;61;1;1590;8;Y
1003645;V-SSueste_Pt(Est);1000389;26;2;9335;45;Y
493;V-CGrandeM_Mg(Est);60;64;2;2933;15;Y
494;V-OdivB_Mg(Est);81;64;2;5002;20;Y
495;V-Mg(Est)_OdivB;64;81;2;6033;25;Y
1003646;V-Pt(Est)_SSueste;26;1000389;2;9950;45;Y
1003801;MPombal_Rossio;85;72;1;1780;8;Y
499;V-Mg(Est)_CGrandeM;64;60;2;2545;15;Y
516;V-Mf(Est)_Outurela;25;83;2;2530;20;Y
519;V-Outurela_Mf(Est);83;25;2;2639;15;Y
524;V-PCampismo_Mf(Est);84;25;2;3749;10;Y
1003802;Rossio_MPombal;72;85;1;1760;7;Y
1004201;Amoreiras_Estrela;271;1000012;1;1830;8;Y
1004202;Estrela_Amoreiras;1000012;271;1;1830;8;Y
557;V-Charneca_Mg(Est);59;64;2;1880;8;Y
559;V-Mg(Est)_Charneca;64;59;2;2120;10;Y
584;V-Mf(Est)_Alges;25;92;2;2270;15;Y
585;V-Mf(Est)_Desterro;25;93;2;10899;65;Y
586;V-Alges_Mf(Est);92;25;2;2553;15;Y
595;Z_PChile_SRios;65;50;1;4100;16;Y
599;V-PChile_Pt(Est);65;26;2;8057;40;Y
602;V-MPombal_Mf(Est);85;25;2;9268;20;Y
603;V-CSodre_Mf(Est);70;25;2;10533;35;Y
606;Z_MPombal_PComerc;85;12;1;2390;10;Y
608;Z_PComerc_MPombal;12;85;1;2380;10;Y
613;V-Pt(Est)_MoscavC;26;97;2;11659;35;Y
614;V-MoscavC_Pt(Est);97;26;2;11579;35;Y
615;V-Pt(Est)_PontinhC;26;98;2;1865;12;Y
616;V-PontinhC_Pt(Est);98;26;2;1292;10;Y
623;PontinhC_PontinhM;98;55;1;940;4;Y
629;PontinhM_PontinhC;55;98;1;1330;4;Y
633;Z_CSodre_SRios;70;50;1;5650;23;Y
684;V-Desterro_Mf(Est);93;25;2;10854;66;Y
702;V-Pt(Est)_PComerc;26;12;2;9130;42;Y
704;V-PComerc_Pt(Est);12;26;2;9120;43;Y
708;AlcantT_AlcantM;49;95;1;970;5;Y
710;AlcantM_AlcantT;95;49;1;430;2;Y
718;V-Mf(Est)_AlcantM;25;95;2;7384;35;Y
719;V-AlcantM_Mf(Est);95;25;2;8231;35;Y
724;V-Mf(Est)_MPombal;25;85;2;9438;20;Y
729;Entrecp_SRios;1;50;1;2030;13;Y
731;SRios_Entrecp;50;1;1;2020;13;Y
742;V-Mf(Est)_Restelo;25;103;2;5398;20;Y
743;V-Restelo_Mf(Est);103;25;2;5413;20;Y
760;V-Mf(Est)_CSodre;25;70;2;10197;35;Y
786;V-Mf(Est)_GFreire;25;118;2;10646;48;Y
787;V-GFreire_Mf(Est);118;25;2;11491;48;Y
800;Z_PComerc_Damaia;12;52;1;11600;54;Y
809;Z_AlcantT_SerafinaI;49;94;1;3900;18;Y
810;V-Pt(Est)_SerafinaI;26;94;2;6291;25;Y
811;V-SerafinaI_Pt(Est);94;26;2;6869;25;Y
815;V-Pt(Est)_BStCruz;26;130;2;2904;17;Y
816;V-BStCruz_Pt(Est);130;26;2;2664;19;Y
817;Z_PChile_Musgueira;65;129;1;5800;27;Y
819;Z_Fetais_Musgueira;128;129;1;4400;20;Y
821;V-Mg(Est)_Fetais;64;128;2;4317;20;Y
822;V-Fetais_Mg(Est);128;64;2;4187;20;Y
824;Z_ACego_ISEL;150;127;1;11150;51;Y
825;Z_ISEL_ACego;127;150;1;11250;52;Y
826;Z_ACego_COurique;150;24;1;3500;16;Y
827;V-Mg(Est)_ISEL;64;127;2;5390;24;Y
828;V-Mg(Est)_COurique;64;24;2;10639;52;Y
829;V-ISEL_Mg(Est);127;64;2;5571;27;Y
830;V-COurique_Mg(Est);24;64;2;10563;43;Y
831;Z_EOriente_PVelho;148;68;1;4400;20;Y
832;Z_PVelho_EOriente;68;148;1;4200;21;Y
834;V-MPombal_Mg(Est);85;64;2;7727;35;Y
835;Caselas_Restelo;41;103;1;1100;3;Y
836;Z_Restelo_MPombal;103;85;1;9750;45;Y
837;Z_MPombal_CPequeno;85;53;1;2100;10;Y
838;Z_CPequeno_ERoma-Ar;53;126;1;3050;14;Y
839;Z_ERoma-Ar_CPequeno;126;53;1;2450;11;Y
840;Z_CPequeno_MPombal;53;85;1;2550;12;Y
842;Restelo_Caselas;103;41;1;1150;3;Y
843;V-Mg(Est)_ERoma-Ar;64;126;2;6065;20;Y
845;V-ERoma-Ar_Mg(Est);126;64;2;5272;20;Y
857;Z_Picheleira_Picoas;125;90;1;6100;28;Y
858;Z_Picoas_Picheleira;90;125;1;6100;28;Y
859;V-Pt(Est)_Picheleir;26;125;2;8680;35;Y
860;V-Pt(Est)_PJFontana;26;141;2;7905;37;Y
861;V-Picheleir_Pt(Est);125;26;2;8880;37;Y
862;V-PJFontana_Pt(Est);141;26;2;7311;33;Y
864;Z_Areeiro_HStMaria;9;43;1;4100;19;Y
865;Z_HStMaria_Areeiro;43;9;1;3800;18;Y
867;V-Mg(Est)_HStMaria;64;43;2;3874;20;Y
868;V-HStMaria_Mg(Est);43;64;2;4139;20;Y
875;PFigueir_Castelo;17;124;1;1440;6;Y
876;Castelo_PFigueir;124;17;1;1430;7;Y
877;V-Pt(Est)_PFigueir;26;17;2;10033;30;Y
878;V-PFigueir_Pt(Est);17;26;2;9876;30;Y
894;V-Mf(Est)_PFigueir;25;17;2;11871;50;Y
896;V-PFigueir_Mf(Est);17;25;2;12352;40;Y
897;EOriente_MoscavR;148;33;1;1380;8;Y
898;MoscavR_EOriente;33;148;1;1570;10;Y
910;Z_CRuivo_Alges;20;92;1;17410;80;Y
911;Z_Alges_CRuivo;92;20;1;17580;81;Y
921;V-Mf(Est)_LVelha;25;121;2;952;10;Y
923;V-LVelha_Mf(Est);121;25;2;993;10;Y
1003901;Z_CMilitM_Buraca;35;58;1;2970;14;Y
925;CentroN_AlcantT;120;49;1;330;1;Y
926;Z_AlcantT_CentroS;49;119;1;7100;15;Y
927;Z_CentroS_AlcantT;119;49;1;7100;14;Y
928;AlcantT_CentroN;49;120;1;670;3;Y
929;V-CentroN_Mf(Est);120;25;2;8100;37;Y
930;V-Mf(Est)_CentroN;25;120;2;8410;30;Y
931;PJFontana_MPombal;141;85;1;790;3;Y
932;Z_MPombal_CentroS;85;119;1;9300;43;Y
933;Z_CentroS_MPombal;119;85;1;9300;43;Y
934;MPombal_PJFontana;85;141;1;876;5;Y
935;V-Mf(Est)_CentroS;25;119;2;14376;35;Y
936;V-CentroS_Mf(Est);119;25;2;14263;30;Y
1003902;Z_Buraca_CMilitM;58;35;1;3100;17;Y
938;Areeiro_Olaias;9;116;1;1270;6;Y
939;Olaias_Areeiro;116;9;1;1420;7;Y
1003903;Buraca_AlfragN;58;211;1;4040;12;Y
941;V-Mg(Est)_Olaias;64;116;2;6822;25;Y
942;V-Mg(Est)_Junqueira;64;117;2;12389;40;Y
943;V-Olaias_Mg(Est);116;64;2;6566;30;Y
944;V-Junqueira_Mg(Est);117;64;2;12117;45;Y
947;V-Pt(Est)_DamaiaC;26;115;2;4037;20;Y
948;V-DamaiaC_Pt(Est);115;26;2;3863;20;Y
949;Calhariz_CMilitM;114;35;1;635;3;Y
950;CMilitM_BenficaC;35;27;1;1910;8;Y
951;BenficaC_CMilitM;27;35;1;1810;8;Y
952;CMilitM_Calhariz;35;114;1;710;5;Y
1003904;AlfragN_Buraca;211;58;1;4120;13;Y
1003921;Z_PChile_PAlvalade;65;1000249;1;2650;12;Y
1003922;Z_PAlvalade_PChile;1000249;65;1;2650;13;Y
1003923;Z_PAlvalade_Lumiar;1000249;61;1;3450;12;Y
965;Z_CSodre_MoscavR;70;33;1;10450;48;Y
1003924;Z_Lumiar_PAlvalade;61;1000249;1;3460;13;Y
1004161;ISEL_Entrecp;127;1;1;7220;21;Y
1004162;Entrecp_ISEL;1;127;1;6220;18;Y
1004181;V-Mg(Est)_Entrecp;64;1;2;3834;25;Y
1004182;V-Entrecp_Mg(Est);1;64;2;3880;25;Y
1004183;V-CREst_Entrecp;7;1;2;5030;25;Y
972;V-Mg(Est)_PBispo;64;63;2;8176;30;Y
1004184;V-Entrecp_CREst;1;7;2;5130;25;Y
974;V-PBispo_Mg(Est);63;64;2;7339;39;Y
975;Z_SBento_CSodre;135;70;1;2200;10;Y
976;Z_PComerc_GFreire;12;118;1;2550;12;Y
977;Z_GFreire_PComerc;118;12;1;2800;13;Y
979;V-Pt(Est)_GFreire;26;118;2;7793;35;Y
980;V-Pt(Est)_SBento;26;135;2;8450;40;Y
981;V-GFreire_Pt(Est);118;26;2;7779;30;Y
982;V-SBento_Pt(Est);135;26;2;8450;40;Y
983;Z_CPequeno_OdivP;53;136;1;8900;41;Y
986;V-CREst_MPombal;7;85;2;8015;30;Y
988;V-MPombal_CREst;85;7;2;8591;35;Y
993;Lumiar_Galinheir;61;138;1;3100;13;Y
994;Galinheir_Lumiar;138;61;1;2980;13;Y
995;V-Mg(Est)_Galinheir;64;138;2;3233;15;Y
996;V-Galinheir_Mg(Est);138;64;2;3506;15;Y
997;Z_Musgueira_Galinhei;129;138;1;2700;12;Y
998;Z_Galinheir_Musgueir;138;129;1;2950;14;Y
999;BelemP_PUAjuda;111;110;1;2778;7;Y
1001;V-BelemP_Pt(Est);111;26;2;11170;41;Y
1002;V-Pt(Est)_BelemP;26;111;2;9170;41;Y
1006;V-CGrandeM_Galinh;60;138;2;4650;14;Y
1007;CQuebrada_Alges;139;92;1;2997;13;Y
1008;Alges_CQuebrada;92;139;1;3134;13;Y
1009;V-Mf(Est)_CQuebrada;25;139;2;4798;25;Y
1010;AStAmaro_Calvario;31;56;1;1300;6;Y
1011;Z_Calvario_Areeiro;56;9;1;7300;34;Y
1012;Areeiro_Picheleir;9;125;1;1750;8;Y
1013;Picheleir_Areeiro;125;9;1;1550;7;Y
1015;Calvario_AStAmaro;56;31;1;1270;6;Y
1017;V-Picheleir_Mg(Est);125;64;2;7798;30;Y
1019;V-Mg(Est)_Picheleir;64;125;2;8295;30;Y
1020;Z_MPombal_Areeiro;85;9;1;3590;17;Y
1021;Z_Areeiro_MPombal;9;85;1;3470;16;Y
1027;V-Alges_Pt(Est);92;26;2;16061;20;Y
1029;Z_COurique_CSanto;24;140;1;3950;13;Y
1042;Z_Lumiar_CMilitM;61;35;1;3950;22;Y
1045;Z_CMilitM_Lumiar;35;61;1;4050;26;Y
1048;V-Calvario_Mg(Est);56;64;2;12019;45;Y
1053;V-PJFontana_Mf(Est);141;25;2;10406;45;Y
1054;V-Mf(Est)_PJFontana;25;141;2;10015;35;Y
1055;Z_CGrandeM_CMilitM;60;35;1;6350;29;Y
1056;Z_CMilitM_CGrandeM;35;60;1;6800;31;Y
1057;Z_Calhariz_BStCruz;114;130;1;2250;10;Y
1058;Z_BStCruz_Calhariz;130;114;1;2900;13;Y
1059;V-Calhariz_Pt(Est);114;26;2;2263;11;Y
1060;V-Pt(Est)_Calhariz;26;114;2;2396;18;Y
1063;V-CGrandeM_Pt(Est);60;26;2;4668;15;Y
1064;V-Pt(Est)_CGrandeM;26;60;2;4484;15;Y
1078;V-Mg(Est)_MPombal;64;85;2;7254;35;Y
1093;Z_PEspanha_PontinhM;8;55;1;5000;20;Y
1101;V-Mg(Est)_PontinhM;64;55;2;7089;26;Y
1102;V-PontinhM_Mg(Est);55;64;2;9100;28;Y
1103;BPCruz_PontinhM;37;55;1;2320;9;Y
1104;PontinhM_BPCruz;55;37;1;2355;11;Y
1108;Z_CGrandeM_PLumiar;60;143;1;3380;16;Y
1109;Z_PLumiar_CGrandeM;143;60;1;3320;15;Y
1110;CGrandeM_ALumiar;60;144;1;1550;6;Y
1111;V-PLumiar_Mg(Est);143;64;2;3760;20;Y
1112;V-Mg(Est)_PLumiar;64;143;2;3070;20;Y
1115;Z_CemBenf_AlfragN;27;211;1;6820;27;Y
1123;V-CSanto_Mf(Est);140;25;2;10380;39;Y
1130;CMilitM_PontinhM;35;55;1;2020;14;Y
1134;V-CREst_Olivais;7;147;2;1578;15;Y
1135;V-Olivais_CREst;147;7;2;1237;10;Y
1138;V-EOriente_CREst;148;7;2;3583;20;Y
1139;V-CREst_EOriente;7;148;2;3200;25;Y
1140;Z_CSodre_PChile;70;65;1;4000;11;Y
1143;Z_PChile_CSodre;65;70;1;3800;15;Y
1144;V-PChile_Mg(Est);65;64;2;8531;30;Y
1147;CRuivo_EOriente;20;148;1;2730;7;Y
1148;EOriente_CRuivo;148;20;1;2630;8;Y
1151;Z_BelemJ_Buraca;149;58;1;8350;28;Y
1159;Z_PontinhM_SRios;55;50;1;4750;14;Y
1160;Z_SRios_PontinhM;50;55;1;4850;14;Y
1161;V-Pt(Est)_EOriente;26;148;2;16490;40;Y
1003501;Z_BelaVista_PChile;18;65;1;4060;15;Y
1003502;Z_PChile_BelaVista;65;18;1;3610;14;Y
1003661;Z_GFreire_PFigueir;118;17;1;2100;11;Y
1003662;Z_PFigueir_GFreire;17;118;1;1690;10;Y
1003663;Z_GFreire_CSanto;118;140;1;3350;12;Y
1003664;Z_CSanto_GFreire;140;118;1;3170;10;Y
1003665;Z_PFigueir_PReal;17;417;1;3030;18;Y
1003666;Z_PReal_PFigueir;417;17;1;2840;18;Y
1003961;Z_CSodre_Anjos;70;1000113;1;2730;15;Y
1003962;Z_Anjos_CSodre;1000113;70;1;2520;13;Y
1003761;Z_Alameda_EOriente;1000409;148;1;10000;30;Y
1003762;Z_EOriente_Alameda;148;1000409;1;10000;30;Y
1003881;V-BelemJ_Mf(Est);149;25;2;4500;20;Y
1004121;V-Mg(Est)_BPCruz;64;37;2;5838;25;Y
1004122;V-BPCruz_Mg(Est);37;64;2;5328;25;Y
1004123;Areeiro_Musgueira;9;129;1;4670;9;Y
1004124;Musgueira_Areeiro;129;9;1;4690;9;Y
1004125;Musgueira_Lumiar;129;61;1;1210;4;Y
1000526;Anjos_PJFontana;1000113;141;1;1920;8;Y
1000527;PJFontana_Anjos;141;1000113;1;1970;8;Y
1004126;Lumiar_Musgueira;61;129;1;1590;4;Y
1004127;MPombal_Saldanha;85;415;1;1050;3;Y
1004128;Saldanha_MPombal;415;85;1;1050;3;Y
1004129;Z_Musgueira_Fetais;129;128;1;4630;10;Y
1004130;Z_ISEL_Aerop;127;105;1;2830;5;Y
1004131;Z_Aerop_ISEL;105;127;1;2930;6;Y
1004132;Z_Aerop_EOriente;105;148;1;5070;13;Y
1004133;Z_EOriente_Aerop;148;105;1;4620;12;Y
1004134;Xabregas_PBispo;1000128;63;1;1790;3;Y
1004135;PBispo_Xabregas;63;1000128;1;1790;3;Y
1004136;CRuivo_PBispo;20;63;1;3120;6;Y
1004137;EOriente_MoscavC;148;97;1;2190;7;Y
1004138;MoscavC_EOriente;97;148;1;2410;6;Y
1004139;MoscavC_PVelho;97;68;1;3790;8;Y
1004140;PVelho_MoscavC;68;97;1;3650;8;Y
1000555;Areeiro_PAerop;9;372;1;2380;10;Y
1000556;PAerop_Areeiro;372;9;1;2380;10;Y
1000599;BCalhau_PRecreat;1000116;131;1;1030;4;Y
1000600;PRecreat_BCalhau;131;1000116;1;1030;4;Y
1000601;BCalhau_SRios;1000116;50;1;2650;12;Y
1000602;SRios_BCalhau;50;1000116;1;3300;12;Y
1000603;BelemJ_BelemP;149;111;1;300;1;Y
1000604;BelemP_BelemJ;111;149;1;300;1;Y
1000611;Benfica_Calhariz;57;114;1;1400;6;Y
1000612;Calhariz_Benfica;114;57;1;1400;6;Y
1000629;BoaHora_Calvario;457;56;1;2110;8;Y
1000630;Calvario_BoaHora;56;457;1;2090;8;Y
1000637;BoaHora_CemAjuda;457;412;1;2870;11;Y
1000638;CemAjuda_BoaHora;412;457;1;2850;11;Y
1000641;BPCruz_Telheiras;37;1000127;1;2520;10;Y
1000642;Telheiras_BPCruz;1000127;37;1;2520;10;Y
1000661;Calhariz_PBenfica;114;29;1;1640;7;Y
1000662;PBenfica_Calhariz;29;114;1;1700;7;Y
1000663;Calhariz_SRios;114;50;1;2240;9;Y
1000664;SRios_Calhariz;50;114;1;2240;9;Y
1000665;Calvario_CSodreE;56;70;1;3140;8;Y
1000666;CSodre_CalvarioE;70;56;1;3090;8;Y
1000671;Calvario_StAmaro;56;171;1;430;2;Y
1000672;StAmaro_Calvario;171;56;1;430;2;Y
1000675;Campol_COurique;1000119;24;1;1750;7;Y
1000676;COurique_Campol;24;1000119;1;1650;7;Y
4003774;V-EStApoln_Alges;38;92;2;10481;25;Y
4003834;Alges_EStApoln;92;38;1;9550;30;Y
4003974;V-Mf(Est)_Entrecp;25;1;2;12223;25;Y
4004034;PLumiar_CMilitM;143;35;1;3957;12;Y
4004035;CMilitM_PLumiar;35;143;1;3934;13;Y
4004194;EOriente_Sacavem;148;4000602;1;2800;22;Y
4004195;Sacavem_EOriente;4000602;148;1;2800;24;Y
4004214;V-Mg(Est)_Sacavem;64;4000602;2;12222;40;Y
4004215;V-Sacavem_Mg(Est);4000602;64;2;12222;40;Y
4004216;V-CREst_Sacavem;7;4000602;2;12222;40;Y
4004217;V-Sacavem_CREst;4000602;7;2;12222;40;Y
4004234;Z_MusgueiraT_Galinheir;129;138;1;2700;12;Y
4004235;Z_Galinheir_MusgueiraT;138;129;1;2950;13;Y
4004294;MMoniz_CStClara;47;4000622;1;3500;15;Y
4004295;CStClara_MMoniz;4000622;47;1;3900;21;Y
4004774;Fetais_CGrandeM;128;60;1;8780;34;Y
4004775;V-CGrandeM_Fetais;60;128;2;6088;17;Y
4004854;EStApoln_Alameda;38;1000409;1;3650;11;Y
4004855;Alameda_EStApoln;1000409;38;1;3950;11;Y
4005214;Poteagua_Entrecp;4000782;1;1;4050;18;Y
4005594;Z_PontinhM_PEspanha;55;8;1;5000;20;Y
4005595;Z_ACego_PontinhM;150;55;1;7300;30;Y
4005596;Z_PontinhM_ACego;55;150;1;7600;35;Y
4005597;Z_SRios_EstrLuz;50;413;1;1500;10;Y
4005598;Z_EstrLuz_SRios;413;50;1;1500;10;Y
4005656;JSonoro_PComerc;4000922;12;1;7198;30;Y
4005657;V-PComerc_JSonoro;12;4000922;2;7325;30;Y
4005654;MPombal_JSonoro;85;4000922;1;4821;20;Y
4005655;JSonoro_MPombal;4000922;85;1;4835;20;Y
4005674;V-Mg(Est)_JSonoro;64;4000922;2;12000;40;Y
4005675;V-PComerc_Mg(Est);12;64;2;10000;40;Y
1001294;V-Mf(Est)_EOriente;25;148;2;20248;55;Y
1001295;V-EOriente_Mf(Est);148;25;2;18755;55;Y
1001296;V-Mg(Est)_SRios;64;50;2;6912;45;Y
1001297;V-SRios_Mg(Est);50;64;2;6782;20;Y
1001304;V-Pt(Est)_PVelho;26;68;2;9506;40;Y
1001305;V-PVelho_Pt(Est);68;26;2;9530;40;Y
1001306;V-Pt(Est)_Amoreiras;26;271;2;6550;35;Y
1001307;V-Amoreiras_Pt(Est);271;26;2;7949;35;Y
1001308;V-Pt(Est)_Portela;26;71;2;10920;40;Y
1001309;V-Portela_Pt(Est);71;26;2;10157;40;Y
1001310;V-Mf(Est)_EEntrecp;25;66;2;12780;30;Y
1001311;V-EEntrecp_Mf(Est);66;25;2;12780;30;Y
1001312;V-Mg(Est)_Aerop;64;105;2;3300;20;Y
1001313;V-Aerop_Mg(Est);105;64;2;3300;20;Y
1001324;V-Mg(Est)_PComerc;64;12;2;9580;35;Y
1001339;V-Mf(Est)_CRuivo;25;20;2;15303;45;Y
1001379;Z_ACego_BenficaC;150;27;1;9810;38;Y
1001399;Z_PBispo_CGrandeN;63;1000118;1;7610;25;Y
1001401;Z_CGrandeN_EBenfica;1000118;191;1;4990;18;Y
1001419;V-BCalhau_Pt(Est);1000116;26;2;3990;20;Y
1001420;V-Pt(Est)_BCalhau;26;1000116;2;3990;30;Y
1001421;V-PRecreat_Pt(Est);131;26;2;6480;22;Y
1001422;V-Pt(Est)_PRecreat;26;131;2;6410;27;Y
1001460;V-PBispo_CREst;63;7;2;2251;15;Y
1001499;Z_Areeiro_MoscavC;9;97;1;7370;29;Y
1001503;V-Mf(Est)_ECampol;25;311;2;8884;25;Y
1001504;V-ECampol_Mf(Est);311;25;2;8340;25;Y
1001519;Z_CasAjuda_AlcantT;77;49;1;3780;20;Y
1001520;Z_AlcantT_CasAjuda;49;77;1;4250;22;Y
1001521;Z_AlcantT_PChile;49;65;1;5710;25;Y
1001522;Z_PChile_AlcantT;65;49;1;6110;26;Y
1001581;V-Mg(Est)_EStApoln;64;38;2;11000;55;Y
1001582;V-EStApoln_Mg(Est);38;64;2;11000;50;Y
1001599;Z_SRios_CGrandeM;50;60;1;4590;22;Y
1001600;Z_CGrandeM_SRios;60;50;1;4590;22;Y
1001601;V-Pt(Est)_Charneca;26;59;2;8079;40;Y
1001602;V-Charneca_Pt(Est);59;26;2;7136;35;Y
1001639;AChapel_Charneca;1000149;59;1;900;13;Y
1001640;Charneca_AChapel;59;1000149;1;900;12;Y
1001641;V-AChapel_Mg(Est);1000149;64;2;4896;20;Y
1001642;V-Mg(Est)_AChapel;64;1000149;2;4715;20;Y
1004001;Z_CGrandeN_PBenfica;1000118;29;1;5280;13;Y
1004002;Z_PBenfica_CGrandeN;29;1000118;1;6030;20;Y
1001661;V-Mg(Est)_Ameix;64;1000169;2;2000;15;Y
1001662;V-Ameix_Mg(Est);1000169;64;2;2000;15;Y
1004003;V-Mg(Est)_PBenfica;64;29;2;8170;45;Y
1004004;V-PBenfica_Mg(Est);29;64;2;9250;35;Y
1001681;Z_RAlHerc_PChile;332;65;1;2260;15;Y
1001682;Z_PChile_RAlHerc;65;332;1;2200;15;Y
1001699;Z_CGrandeM_Musgueira;60;129;1;2880;12;Y
1001700;Z_Musgueira_CGrandeM;129;60;1;2880;12;Y
1001719;V-GFreire_CSanto;118;140;2;3350;14;Y
1001739;Z_Sapador_ACego;96;150;1;2680;18;Y
1001740;Z_ACego_Sapador;150;96;1;2370;18;Y
1001759;Z_BelemJ_EOriente;149;148;1;18610;55;Y
1001779;V-Aerop_CREst;105;7;2;3779;15;Y
1001799;Z_PChile_Lumiar;65;61;1;6100;26;Y
1001800;Z_Lumiar_PChile;61;65;1;6100;26;Y
1001801;Z_Lumiar_SRoubado;61;1000189;1;3000;10;Y
1001802;Z_SRoubado_Lumiar;1000189;61;1;3000;10;Y
1001803;V-Mg(Est)_SRoubado;64;1000189;2;4866;20;Y
1001804;V-SRoubado_Mg(Est);1000189;64;2;3675;20;Y
1001819;SRoubado_OdivB;1000189;81;1;1810;6;Y
1001820;OdivB_SRoubado;81;1000189;1;1610;6;Y
1001839;Z_EscGerais_PLCamoes;1000209;1000055;1;1750;15;Y
1001841;V-SA(Est)_PLCamoes;1000007;1000055;2;7733;60;Y
1001842;V-PLCamoes_SA(Est);1000055;1000007;2;8125;60;Y
1001859;Galinheir_Ameix;138;1000169;1;3660;18;Y
1001860;Ameix_Galinheir;1000169;138;1;3420;18;Y
1001959;SRios_SerafinaI;50;94;1;6267;15;Y
1001960;SerafinaI_SRios;94;50;1;1924;8;Y
1001961;EMonsant_BCalhau;392;1000116;1;1500;6;Y
1001979;V-SA(Est)_Graca;1000007;437;2;6700;40;Y
1002019;Z_PontinhM_CemCarnd;55;1000229;1;600;6;Y
1002020;Z_CemCarnd_PontinhM;1000229;55;1;600;6;Y
1002021;CemCarnd_QAlcout;1000229;1000230;1;300;2;Y
1002022;QAlcout_CemCarnd;1000230;1000229;1;300;3;Y
1002025;V-Pt(Est)_QAlcout;26;1000230;2;4306;15;Y
1002026;V-QAlcout_Pt(Est);1000230;26;2;4324;15;Y
1002059;V-CREst_ISEL;7;127;2;103;5;Y
1002060;V-ISEL_CREst;127;7;2;139;5;Y
1002081;V-Mf(Est)_ERoma-Ar;25;126;2;14181;45;Y
1002082;V-ERoma-Ar_Mf(Est);126;25;2;13605;45;Y
1002099;V-CasAjuda_CREst;77;7;2;15000;45;Y
1002120;Z_Restaur_Xabregas;88;1000128;1;4690;12;Y
1002121;Z_Xabregas_EscDDinis;1000128;19;1;3710;18;Y
1002122;Z_EscDDinis_Xabregas;19;1000128;1;3820;16;Y
1002139;V-CREst_CGrandeM;7;60;2;6000;25;Y
1002140;V-PontinhM_CREst;55;7;2;10000;40;Y
1002159;V-CREst_Fetais;7;128;2;9342;30;Y
1002160;V-Fetais_CREst;128;7;2;9957;30;Y
1002162;V-CREst_SRoubado;7;1000189;2;9745;25;Y
1002163;V-SRoubado_CREst;1000189;7;2;8719;25;Y
1002164;V-CREst_OdivB;7;81;2;6500;30;Y
1002165;V-CREst_CasAjuda;7;77;2;15000;45;Y
1002166;V-CREst_BoaHora;7;457;2;10000;45;Y
1002167;V-BoaHora_CREst;457;7;2;10000;43;Y
1002168;V-CREst_LVelha;7;121;2;20000;45;Y
1002169;V-LVelha_CREst;121;7;2;20000;40;Y
1002170;V-Musgueira_CREst;129;7;2;6000;15;Y
1002171;V-Mg(Est)_BoaHora;64;457;2;10000;45;Y
1002172;V-BoaHora_Mg(Est);457;64;2;10000;43;Y
1002173;V-Mg(Est)_LVelha;64;121;2;20000;45;Y
1002174;V-LVelha_Mg(Est);121;64;2;20000;40;Y
1002179;Z_CPequeno_Rato;53;1000125;1;10000;15;Y
1002181;V-Rato_Pt(Est);1000125;26;2;7537;35;Y
1002182;V-Pt(Est)_Rato;26;1000125;2;8213;35;Y
1002183;Z_Saldanha_CGrandeM;415;60;1;3610;8;Y
1002184;Z_CGrandeM_Saldanha;60;415;1;3210;9;Y
1002199;V-OdivB_CREst;81;7;2;6500;30;Y
1002239;Amoreiras_SRios;271;50;1;2690;10;Y
1002279;Z_Marvila_ERoma-Ar;89;126;1;8300;30;Y
1002299;V-Olivais_Mg(Est);147;64;2;5252;20;Y
1002300;V-Mg(Est)_Olivais;64;147;2;6583;20;Y
1002301;V-PNacoesN_Mg(Est);40;64;2;11493;30;Y
1002302;V-Mg(Est)_PNacoesN;64;40;2;12222;30;Y
1002305;V-ACego_Pt(Est);150;26;2;6000;25;Y
1002306;V-Pt(Est)_ACego;26;150;2;6000;30;Y
1002319;V-Pt(Est)_PChile;26;65;2;7995;40;Y
1002339;V-Galinheir_CREst;138;7;2;10000;35;Y
1002359;V-CREst_PontinhM;7;55;2;10000;40;Y
1002360;V-CGrandeM_CREst;60;7;2;2600;15;Y
1002361;V-CREst_Olaias;7;116;2;4074;15;Y
1002362;V-Olaias_CREst;116;7;2;2562;15;Y
1002379;V-Sapador_Pt(Est);96;26;2;9751;35;Y
1002380;V-Pt(Est)_Sapador;26;96;2;9343;40;Y
1002381;Z_CSodre_PAlvalade;70;1000249;1;6730;30;Y
1002399;V-Marvila_Mg(Est);89;64;2;8438;30;Y
1002400;V-Mg(Est)_Marvila;64;89;2;8786;30;Y
1002423;Z_PNacoesN_Areeiro;40;9;1;7800;30;Y
1002424;Z_Areeiro_PNacoesN;9;40;1;7800;30;Y
1002427;V-ADamaia_Mf(Est);352;25;2;6747;25;Y
1002428;V-Mf(Est)_ADamaia;25;352;2;8775;25;Y
1002459;V-Mg(Est)_Santos;64;69;2;10000;45;Y
1002460;V-Santos_Mg(Est);69;64;2;10000;45;Y
1002479;Z_Restaur_Calvario;88;56;1;5000;16;Y
1002480;Z_Calvario_Restaur;56;88;1;5000;17;Y
1002501;V-AlcantT_Pt(Est);49;26;2;10008;30;Y
1002502;V-Pt(Est)_AlcantT;26;49;2;8930;25;Y
1002503;Z_ISEL_Areeiro;127;9;1;8500;19;Y
1002504;Z_Areeiro_ISEL;9;127;1;8500;19;Y
1002509;V-Mf(Est)_Saldanha;25;415;2;10230;35;Y
1002510;V-Saldanha_Mf(Est);415;25;2;10504;35;Y
1002519;V-Pt(Est)_PReal;26;417;2;8350;35;Y
1002540;Z_COurique_SRios;24;50;1;8500;18;Y
1002541;Z_ACego_Amoreiras;150;271;1;2650;14;Y
1002542;Z_Amoreiras_ACego;271;150;1;2650;14;Y
1002543;V-Amoreiras_Mg(Est);271;64;2;7891;40;Y
1002544;V-Mg(Est)_Amoreiras;64;271;2;7968;40;Y
1002545;Z_PBispo_ISEL;63;127;1;5500;13;Y
1002546;Z_ISEL_PBispo;127;63;1;5500;13;Y
1002553;Z_AlcantT_PUAjuda;49;110;1;4000;23;Y
1002554;Z_PUAjuda_AlcantT;110;49;1;4000;21;Y
1002559;V-Charneca_CGrandeM;59;60;2;7000;14;Y
1002560;V-Charneca_SRios;59;50;2;12000;30;Y
1002599;V-CREst_Junqueira;7;117;2;10000;40;Y
1002600;V-Junqueira_CREst;117;7;2;10000;40;Y
1002639;V-PUAjuda_Mg(Est);110;64;2;12375;40;Y
1002640;V-Mg(Est)_PUAjuda;64;110;2;17087;70;Y
1002641;V-Mf(Est)_EBenfica;25;191;2;8000;20;Y
1002642;V-EBenfica_Mf(Est);191;25;2;8000;15;Y
1002643;V-Mg(Est)_Calvario;64;56;2;11642;45;Y
1002644;V-AStAmaro_Mf(Est);31;25;2;7500;30;Y
1002645;V-Mf(Est)_AStAmaro;25;31;2;7500;30;Y
1002659;AvJMalhoa_SRios;1000269;50;1;800;7;Y
1002660;SRios_AvJMalhoa;50;1000269;1;800;9;Y
1002661;V-Pt(Est)_AvJMalhoa;26;1000269;2;5270;30;Y
1002662;V-AvJMalhoa_Pt(Est);1000269;26;2;5880;30;Y
1002721;Z_CUnivers_CMilitM;109;35;1;4900;16;Y
1002722;Z_CMilitM_CUnivers;35;109;1;5200;17;Y
1002739;Z_PChile_ISEL;65;127;1;8020;32;Y
1002740;Z_ISEL_PChile;127;65;1;8370;33;Y
1002779;Z_PAerop_Portela;372;71;1;4240;14;Y
1002780;Z_Portela_PAerop;71;372;1;5060;18;Y
1002781;Z_GFreire_Amoreiras;118;271;1;2460;13;Y
1002782;Z_Amoreiras_GFreire;271;118;1;2430;12;Y
1002783;V-Mg(Est)_PAerop;64;372;2;3510;15;Y
1002799;OlivaisN_PVelho;393;68;1;3000;9;Y
1002819;Z_PontinhM_CruzOliv;55;1000120;1;8270;26;Y
1002820;Z_CruzOliv_PontinhM;1000120;55;1;9270;26;Y
1002821;Z_CruzOliv_BelemPPU;1000120;111;1;4930;12;Y
1002822;Z_BelemP_CruzOlivPU;111;1000120;1;4850;14;Y
1002839;Z_Musgueira_Areeiro;129;9;1;5330;15;Y
1002859;Z_RAlfand_SantosE;1000009;69;1;2310;14;Y
1002860;Z_Santos_RAlfandE;69;1000009;1;2240;12;Y
1002861;Z_Santos_Estrela;69;1000012;1;1460;9;Y
1002862;Z_Estrela_Santos;1000012;69;1;1460;9;Y
1002879;Z_PFigueir_Santos;17;69;1;2520;10;Y
1002880;Z_Santos_PFigueir;69;17;1;2530;9;Y
1002881;Z_Santos_BelemJ;69;149;1;4680;17;Y
1002882;Z_BelemJ_Santos;149;69;1;4680;17;Y
1002883;Z_BelemJ_Caselas;149;41;1;3300;12;Y
1002884;Z_Caselas_BelemJ;41;149;1;3160;11;Y
1002885;Z_Caselas_Outurela;41;83;1;5190;13;Y
1002886;Z_Outurela_Caselas;83;41;1;5630;12;Y
1002887;Z_PReal_Campol;417;1000119;1;2360;10;Y
1002888;Z_Campol_PReal;1000119;417;1;2400;10;Y
1002889;Z_PComerc_Rato;12;1000125;1;2740;17;Y
1002890;Z_Rato_PComerc;1000125;12;1;2600;12;Y
1002891;Z_Rato_COurique;1000125;24;1;2130;9;Y
1002892;Z_COurique_Rato;24;1000125;1;1810;11;Y
1002893;Z_CSodre_Xabregas;70;1000128;1;4120;9;Y
1002894;Z_Xabregas_CSodre;1000128;70;1;4190;13;Y
1002895;Z_Xabregas_RotCRuivo;1000128;1000289;1;4020;8;Y
1002896;Z_RotCRuivo_Xabregas;1000289;1000128;1;3780;8;Y
1002897;Z_RotCRuivo_MoscavQ;1000289;1000290;1;3000;12;Y
1002898;Z_MoscavQ_RotCRuivo;1000290;1000289;1;3000;15;Y
1002899;V-MoscavQ_CREst;1000290;7;2;3774;15;Y
1002900;V-CREst_MoscavQ;7;1000290;2;2287;15;Y
1002901;V-MoscavQ_Mg(Est);1000290;64;2;6266;30;Y
1002902;V-Mg(Est)_MoscavQ;64;1000290;2;6273;30;Y
1002903;Z_AlcantT_Santos;49;69;1;1690;7;Y
1002904;Z_Santos_AlcantT;69;49;1;1690;7;Y
1002905;Z_MMoniz_ACego;47;150;1;2600;9;Y
1002906;Z_ACego_MMoniz;150;47;1;2560;9;Y
1002907;Z_Xabregas_CRuivo;1000128;20;1;3840;9;Y
1002908;Z_CRuivo_Xabregas;20;1000128;1;3850;9;Y
1002911;Z_CPequeno_PAerop;53;372;1;3610;14;Y
1002912;Z_PAerop_CPequeno;372;53;1;3780;14;Y
1002913;Z_PAerop_QMorgado;372;312;1;2970;10;Y
1002914;Z_QMorgado_PAerop;312;372;1;2990;10;Y
1002915;Z_PAerop_EOriente;372;148;1;2420;13;Y
1002916;Z_EOriente_PAerop;148;372;1;3460;13;Y
1002917;Z_PComerc_RAlHerc;12;332;1;4400;19;Y
1002918;Z_RAlHerc_PComerc;332;12;1;4460;21;Y
1002919;Z_MPombal_Estrela;85;1000012;1;2900;19;Y
1002920;Z_Estrela_MPombal;1000012;85;1;3110;18;Y
1002921;Z_Restaur_EStApoln;88;38;1;2510;11;Y
1002922;Z_EStApoln_Restaur;38;88;1;3060;14;Y
1002923;Z_EscDDinis_MoscavR;19;33;1;5550;18;Y
1002924;Z_MoscavR_EscDDinis;33;19;1;5870;20;Y
1002925;Z_MPombal_Entrecp;85;1;1;2720;11;Y
1002926;Z_Entrecp_MPombal;1;85;1;2720;11;Y
1002927;Z_Entrecp_Lumiar;1;61;1;3310;10;Y
1002928;Z_Lumiar_Entrecp;61;1;1;3370;12;Y
1002941;Z_Aerop_CSodre;105;70;1;10330;34;Y
1002942;Z_CSodre_Aerop;70;105;1;9850;50;Y
1002961;Z_Areeiro_PEspanha;9;8;1;2130;10;Y
1002962;Z_PEspanha_Areeiro;8;9;1;2130;11;Y
1002963;Z_AlcantT_Junqueira;49;117;1;1330;6;Y
1002964;Z_Junqueira_AlcantT;117;49;1;1330;6;Y
1002981;Z_ADamaia_MPombal;352;85;1;9540;73;Y
1003001;Z_PFigueir_CSodreE;17;70;1;1320;8;Y
1003002;Z_CSodre_PFigueirE;70;17;1;1330;9;Y
1003003;Z_Calvario_BelemJE;56;149;1;2640;11;Y
1003004;Z_BelemJ_CalvarioE;149;56;1;2640;10;Y
1003021;Z_Lumiar_SRios;61;50;1;8200;29;Y
1003022;Z_SRios_Lumiar;50;61;1;8920;34;Y
1003023;Z_MPombal_Buraca;85;58;1;8020;18;Y
1003024;Z_Buraca_MPombal;58;85;1;8630;18;Y
1003025;Z_Buraca_ADamaia;58;352;1;3010;11;Y
1003026;Z_ADamaia_Buraca;352;58;1;2850;11;Y
1003041;Z_ISEL_PAlvalade;127;1000249;1;4840;18;Y
1003042;Z_PAlvalade_ISEL;1000249;127;1;4840;18;Y
1003043;Z_PAlvalade_HStMaria;1000249;43;1;2360;10;Y
1003044;Z_HStMaria_PAlvalade;43;1000249;1;2100;10;Y
1003061;Z_Marvila_AvPauloVI;89;13;1;5740;12;Y
1003062;Z_AvPauloVI_Marvila;13;89;1;5740;12;Y
1003063;Z_AvPauloVI_Areeiro;13;9;1;4550;14;Y
1003064;Z_Areeiro_AvPauloVI;9;13;1;4320;14;Y
1003065;Areeiro_ERoma-Ar;9;126;1;530;2;Y
1003066;ERoma-Ar_Areeiro;126;9;1;750;2;Y
1003081;Z_ACego_CGrandeM;150;60;1;5000;20;Y
1003082;Z_CGrandeM_ACego;60;150;1;5000;20;Y
1003101;Z_EStApoln_BelaVista;38;18;1;5150;11;Y
1003102;Z_BelaVista_EStApoln;18;38;1;5870;16;Y
1003103;BelaVista_ISEL;18;127;1;4160;9;Y
1003104;ISEL_BelaVista;127;18;1;4280;14;Y
1003748;Z_CGrandeN_Benfica;1000118;57;1;5060;14;Y
1003749;Z_Benfica_CGrandeN;57;1000118;1;5480;16;Y
1003141;EStApoln_Anjos;38;1000113;1;3050;17;Y
1003142;Anjos_EStApoln;1000113;38;1;2880;15;Y
1003143;Anjos_Campol;1000113;1000119;1;2980;21;Y
1003144;Campol_Anjos;1000119;1000113;1;3060;16;Y
1003161;V-Campol_Mf(Est);1000119;25;2;8740;20;Y
1003181;Z_CSanto_Santos;140;69;1;1390;4;Y
1003182;Z_Santos_CSanto;69;140;1;1450;4;Y
1003183;Z_Santos_COurique;69;24;1;2410;8;Y
1003184;Z_COurique_Santos;24;69;1;2410;8;Y
1003201;Z_Desterro_Amoreiras;93;271;1;2370;13;Y
1003202;Z_Amoreiras_Desterro;271;93;1;2520;13;Y
1003203;Z_Amoreiras_AAjudaPU;271;1000111;1;5960;10;Y
1003204;Z_AAjuda_AmoreirasPU;1000111;271;1;6490;12;Y
1003205;Z_Amoreiras_AAjuda;271;1000111;1;4960;7;Y
1003206;Z_AAjuda_Amoreiras;1000111;271;1;5340;8;Y
1003207;Z_AAjuda_Alges;1000111;92;1;5780;15;Y
1003208;Z_Alges_AAjuda;92;1000111;1;4700;14;Y
1003221;Z_Alcant_EBenfica;1000109;191;1;7320;14;Y
1003222;Z_EBenfica_Alcant;191;1000109;1;7250;14;Y
1003223;Z_EBenfica_PontinhM;191;55;1;3550;13;Y
1003224;Z_PontinhM_EBenfica;55;191;1;3230;13;Y
1003225;Z_BelemP_CruzOliv;111;1000120;1;3730;10;Y
1003226;Z_CruzOliv_BelemP;1000120;111;1;3930;9;Y
1003241;Z_ACego_SRios;150;50;1;3120;10;Y
1003242;Z_SRios_ACego;50;150;1;3120;10;Y
1003243;Z_Musgueira_Ameix;129;1000169;1;2970;9;Y
1003244;Z_Ameix_Musgueira;1000169;129;1;2970;9;Y
1003261;Z_ERoma-Ar_AvBerlim;126;1000114;1;4500;15;Y
1003262;Z_AvBerlim_ERoma-Ar;1000114;126;1;4500;12;Y
1003263;Z_AvBerlim_QMorgado;1000114;312;1;1900;8;Y
1003264;Z_QMorgado_AvBerlim;312;1000114;1;2100;8;Y
1003265;Z_QMorgado_EOriente;312;148;1;3830;12;Y
1003266;Z_EOriente_QMorgado;148;312;1;3500;12;Y
1003267;Z_Saldanha_CGrandeN;415;1000118;1;3100;13;Y
1003268;Z_CGrandeN_Saldanha;1000118;415;1;2910;13;Y
1003301;Z_MPombal_Santos;85;69;1;2590;12;Y
1003302;Z_Santos_MPombal;69;85;1;2590;12;Y
1003303;Z_Santos_Calvario;69;56;1;2000;10;Y
1003304;Z_Calvario_Santos;56;69;1;1970;10;Y
1003321;V-ERoma-Ar_MPombal;126;85;2;4400;15;Y
1003341;Z_SRios_PAerop;50;372;1;6630;22;Y
1003342;Z_PAerop_SRios;372;50;1;5850;22;Y
1003343;Z_PAerop_MoscavC;372;97;1;4990;17;Y
1003344;Z_MoscavC_PAerop;97;372;1;5070;18;Y
1003345;Z_CSodre_ACego;70;150;1;4730;23;Y
1003346;Z_ACego_CSodre;150;70;1;4370;20;Y
1003361;Z_CPequeno_Rossio;53;72;1;4370;21;Y
1003362;Z_Rossio_CPequeno;72;53;1;4050;17;Y
1003363;Z_Rossio_Calvario;72;56;1;4190;16;Y
1003364;Z_Calvario_Rossio;56;72;1;4560;17;Y
1003365;Z_BoaHora_Caselas;457;41;1;3890;14;Y
1003366;Z_Caselas_BoaHora;41;457;1;3750;14;Y
1003381;V-Pt(Est)_Alges;26;92;2;15606;30;Y
1003750;V-Mg(Est)_Benfica;64;57;2;10000;45;Y
1003751;V-Benfica_Mg(Est);57;64;2;10000;45;Y
1003384;V-Alges_Mg(Est);92;64;2;13500;40;Y
1003385;V-Mg(Est)_Alges;64;92;2;13500;40;Y
1003401;Z_Olivais_IgEncarn;147;1000309;1;3960;14;Y
1003402;Z_IgEncarn_Olivais;1000309;147;1;3140;12;Y
1003421;Z_BelemGM_AlcantM;1000329;95;1;2310;4;Y
1003422;Z_AlcantM_BelemGM;95;1000329;1;2310;4;Y
1003423;V-BelemGM_Pt(Est);1000329;26;2;11200;25;Y
1003424;V-Pt(Est)_BelemGM;26;1000329;2;9200;25;Y
1003425;Z_AlcantM_CSodreS1;95;70;1;3350;7;Y
1003426;Z_CSodre_AlcantMS1;70;95;1;3400;8;Y
1003441;Z_CSodre_MPombalS1;70;85;1;2830;19;Y
1003442;Z_MPombal_CSodreS1;85;70;1;3160;19;Y
1003443;Z_CSodre_AlcantMS2;70;95;1;2840;9;Y
1003444;Z_AlcantM_CSodreS2;95;70;1;3220;7;Y
1003461;V-AlgesJ_Mf(Est);1000010;25;2;2390;15;Y
1003462;V-Mf(Est)_AlgesJ;25;1000010;2;2360;15;Y
1003463;V-AlgesJ_Mg(Est);1000010;64;2;13500;40;Y
1003464;V-Mg(Est)_AlgesJ;64;1000010;2;13500;40;Y
1003465;V-Mg(Est)_PFigueir;64;17;2;10000;45;Y
1003466;V-PFigueir_Mg(Est);17;64;2;10000;45;Y
1003481;Z_Graca_RConceic;437;1000088;1;1560;13;Y
1003482;Z_RConceic_Graca;1000088;437;1;1560;17;Y
1003483;Z_RConceic_Estrela;1000088;1000012;1;2420;18;Y
1003484;Z_Estrela_RConceic;1000012;1000088;1;2630;17;Y
1003485;Z_PEspanha_EOriente;8;148;1;12510;35;Y
1003486;Z_EOriente_PEspanha;148;8;1;12710;35;Y
1003521;Picheleir_PPCouceir;125;1000349;1;3580;15;Y
1003522;PPCouceir_Picheleir;1000349;125;1;2990;11;Y
1003523;Z_PPCouceir_Anjos;1000349;1000113;1;2250;11;Y
1003524;Z_Anjos_PPCouceir;1000113;1000349;1;2100;10;Y
1003541;PFigueir_STome;17;1000369;1;1070;10;Y
1003542;STome_PFigueir;1000369;17;1;1320;11;Y
1003561;V-RConceic_SA(Est);1000088;1000007;2;4850;25;Y
1003562;V-SA(Est)_RConceic;1000007;1000088;2;4850;25;Y
1003581;Z_MPombal_SSueste;85;1000389;1;2590;15;Y
1003582;Z_SSueste_MPombal;1000389;85;1;2850;14;Y
1003583;V-Mf(Est)_SSueste;25;1000389;2;12054;40;Y
1003584;V-SSueste_Mf(Est);1000389;25;2;9358;40;Y
1003601;StAmaro_BelemJ;171;149;1;2210;6;Y
1003602;BelemJ_StAmaro;149;171;1;2210;6;Y
1003603;V-SA(Est)_StAmaro;1000007;171;2;1;5;Y
1003823;V-AvJMalhoa_CREst;1000269;7;2;8000;30;Y
1003861;Z_MMoniz_Areeiro;47;9;1;2950;13;Y
1003701;V-CSanto_Pt(Est);140;26;2;9400;40;Y
1003862;Z_Areeiro_MMoniz;9;47;1;3240;16;Y
1003863;Z_Areeiro_EOriente;9;148;1;7400;26;Y
1003864;Z_EOriente_Areeiro;148;9;1;7300;26;Y
1003865;EOriente_PNacoesN;148;40;1;2740;10;Y
1003866;Z_ISEL_Xabregas;127;1000128;1;5440;17;Y
1003867;Z_Xabregas_ISEL;1000128;127;1;5090;17;Y
1003868;Z_Xabregas_PChile;1000128;65;1;2930;12;Y
1003869;Z_PChile_Xabregas;65;1000128;1;2930;13;Y
1003941;V-CREst_Saldanha;7;415;2;8000;25;Y
1003942;V-Saldanha_CREst;415;7;2;8000;25;Y
1003963;Z_Anjos_PLondres;1000113;1000429;1;3030;13;Y
1003964;Z_PLondres_Anjos;1000429;1000113;1;2940;12;Y
1003965;V-Mg(Est)_PLondres;64;1000429;2;4542;25;Y
1003966;V-PLondres_Mg(Est);1000429;64;2;4744;20;Y
1003967;V-CREst_PLondres;7;1000429;2;6000;20;Y
1003968;V-PLondres_CREst;1000429;7;2;6000;20;Y
1004021;Z_Alameda_Xabregas;1000409;1000128;1;3630;16;Y
1004022;Z_Xabregas_Alameda;1000128;1000409;1;3980;18;Y
1004023;V-CREst_Alameda;7;1000409;2;5002;25;Y
1004024;V-Alameda_CREst;1000409;7;2;5177;25;Y
1004041;Z_MMoniz_Santos;47;69;1;3240;16;Y
1004042;Z_Santos_MMoniz;69;47;1;3160;15;Y
1004043;Z_PLondres_MMoniz;1000429;47;1;3640;12;Y
1004044;Z_MMoniz_PLondres;47;1000429;1;3730;15;Y
1004045;V-Mf(Est)_PLondres;25;1000429;2;16160;55;Y
1004046;V-PLondres_Mf(Est);1000429;25;2;16500;55;Y
1004047;Z_CSodre_SA(Est);70;1000007;1;3276;9;Y
1004048;Z_SA(Est)_CSodre;1000007;70;1;3540;9;Y
1004049;Z-SA(Est)_BelemJ;1000007;149;2;2289;12;Y
1004050;Z-BelemJ_SA(Est);149;1000007;2;2343;12;Y
1004051;BelemJ_Alges;149;92;1;2490;5;Y
1004052;Alges_BelemJ;92;149;1;2490;5;Y
1004053;Alges_Mf(Est);92;25;1;2050;15;Y
1004203;SRios_Amoreiras;50;271;1;2600;15;Y
1004204;Z_SSebast_SRios;122;50;1;2170;14;Y
1004205;Z_SRios_SSebast;50;122;1;2090;16;Y
1004206;V-Pt(Est)_SSebast;26;122;2;5790;35;Y
1004207;V-SSebast_Pt(Est);122;26;2;5870;30;Y
1004209;AlcantT_AlcantM-I;49;1000430;1;750;1;Y
1004213;V-Calvario_Mf(Est);56;25;2;7260;25;Y
1004208;AlcantM-I_AlcantT;1000430;49;1;430;1;Y
1004214;ECampol_Serafina;311;1000431;1;780;2;Y
1004215;Serafina_ECampol;1000431;311;1;780;2;Y
4000041;MPombal_Amoreiras;85;271;1;792;4;Y
4000043;Amoreiras_MPombal;271;85;1;741;3;Y
4000045;Z_Amoreiras_PUAjuda;271;110;1;5456;9;Y
4000047;Z_PUAjuda_Amoreiras;110;271;1;5581;10;Y
4000083;V-PUAjuda_Mf(Est);110;25;2;6875;25;Y
4005034;Entrecp_Poteagua;1;4000782;1;3880;21;Y
4005035;Poteagua_EntrecpUSF;4000782;1;1;4050;22;Y
4000241;V-Saldanha_MPombal;415;85;2;1260;3;Y
4000361;Z_CRuivo_CGrandeN;20;1000118;1;4373;14;Y
4000363;Z_CGrandeN_CRuivo;1000118;20;1;4224;11;Y
4000365;Z_EBenfica_PCampismo;191;84;1;2865;10;Y
4000367;Z_PCampismo_EBenfica;84;191;1;2933;8;Y
4000369;Z_PCampismo_Alges;84;92;1;5316;11;Y
4000371;Z_Alges_PCampismo;92;84;1;4921;8;Y
4000373;Z_EBenfica_CGrandeN;191;1000118;1;5699;24;Y
4000441;V-CREst_SSueste;7;1000389;2;7686;20;Y
4000443;V-SSueste_CREst;1000389;7;2;5000;20;Y
4000481;CGrandeM_QConchas;60;4000001;1;3570;11;Y
4000483;QConchas_CGrandeM;4000001;60;1;3015;10;Y
4000485;V-Mg(Est)_QConchas;64;4000001;2;150;10;Y
4000487;V-QConchas_Mg(Est);4000001;64;2;150;10;Y
4000641;V-Mf(Est)_PUAjuda;25;110;2;10948;30;Y
4000723;Alges_FundChamp;92;4000081;1;2473;8;Y
4000721;FundChamp_Alges;4000081;92;1;2432;8;Y
4000769;V-Mg(Est)_PNacoesS;64;414;2;6764;36;Y
4000881;Z_RAlfand_Calvario;1000009;56;1;4113;17;Y
4000883;Z_Calvario_RAlfand;56;1000009;1;4129;19;Y
4000771;V-CREst_PNacoesS;7;414;2;1789;32;Y
4000843;V-PNacoesS_Mg(Est);414;64;2;6262;15;Y
4000921;Z_ESRios_Amoreiras;4000161;271;1;2571;15;Y
4000923;V-Amoreiras_ESRios;271;4000161;2;2571;10;Y
4000925;V-Pt(Est)_ESRios;26;4000161;2;4925;20;Y
4000927;V-ESRios_Pt(Est);4000161;26;2;3700;20;Y
4001001;V-CREst_ERoma-Ar;7;126;2;4067;20;Y
4001003;V-ERoma-Ar_CREst;126;7;2;4529;20;Y
4001041;V-CREst_Marvila;7;89;2;4007;15;Y
4001043;V-Marvila_CREst;89;7;2;3860;15;Y
4001121;PontinhM_EStApoln;55;38;1;13500;44;Y
4001123;EStApoln_PontinhM;38;55;1;13500;44;Y
4001241;Restaur_Rato;88;1000125;1;1814;13;Y
4001243;Rato_Restaur;1000125;88;1;1603;11;Y
4001361;V-GFreire_RAlfand;118;1000009;2;3250;15;Y
4001401;V-AAjuda_Pt(Est);1000111;26;2;11412;20;Y
4001569;SRios_QBarros;50;4000722;1;4942;12;Y
4001571;QBarros_SRios;4000722;50;1;4242;12;Y
4001605;MMoniz_CSodre;47;70;1;1596;9;Y
4001607;CSodre_MMoniz;70;47;1;2040;9;Y
4001641;Z_Saldanha_Musgueira;415;129;1;6060;14;Y
4001643;Z_Musgueira_Saldanha;129;415;1;6106;16;Y
4001761;V-Mg(Est)_CGrandeB;64;4000241;2;3620;15;Y
4001763;V-CGrandeB_Mg(Est);4000241;64;2;3200;15;Y
4001737;V-Galinheir_CGrandeB;138;4000241;2;7091;20;Y
4001729;V-Musg_Galinh_lixo;129;138;2;3119;20;Y
4001733;CGrandeB_Galinheir-V;4000241;138;1;1391;4;Y
4001735;V-CGrandeB_Galinheir;4000241;138;2;6787;20;Y
4001801;AlgesJ_BelemJ-751;1000010;149;1;5200;15;Y
4001803;BelemJ_AlgesJ-751;149;1000010;1;5200;15;Y
4001881;V-CSodre_SA(Est);70;1000007;2;3276;20;Y
4001883;V-SA(Est)_CSodre;1000007;70;2;3719;20;Y
4001961;AvJMalhoa_Aerop;1000269;105;1;8760;30;Y
4001963;Aerop_AvJMalhoa;105;1000269;1;8840;30;Y
4002001;Z_SSueste_CPequeno;1000389;53;1;5100;15;Y
4002041;PChile_CGrandeM;65;60;1;5578;22;Y
4002003;Z_CPequeno_SSueste;53;1000389;1;5100;17;Y
4002043;CGrandeM_PChile;60;65;1;5472;22;Y
4002045;V-Galinheir_CGrandMC;138;60;2;6185;8;Y
4002081;CGrandeM_MusgueiraL;60;129;1;2800;9;Y
4002083;Musgueira_CGrandeML;129;60;1;2868;9;Y
4002085;V-CGrandM_GalinheirC;60;138;2;5919;12;Y
4002121;V-Pt(Est)_PLumiar;26;143;2;3392;15;Y
4002123;V-PLumiar_Pt(Est);143;26;2;2766;15;Y
4002161;V-MMoniz_Pt(Est);47;26;2;10000;35;Y
4002163;V-Pt(Est)_MMoniz;26;47;2;10000;35;Y
4002201;MMoniz_CMPatria;47;28;1;3000;13;Y
4002203;CMPatria_MMoniz;28;47;1;3500;19;Y
4002281;CasAjuda_PUAjuda;77;110;1;1050;2;Y
4002321;Z_ISEL_MoscavR;127;33;1;5378;17;Y
4002323;Z_MoscavR_ISEL;33;127;1;5385;18;Y
4002325;V-Mg(Est)_Restaur;64;88;2;8878;40;Y
4002327;V-Restaur_Mg(Est);88;64;2;8892;40;Y
4002332;V-Pt(Est)_EstrLuz;26;413;2;2869;15;Y
4002333;V-EstrLuz_Pt(Est);413;26;2;3072;10;Y
4002334;V-Pt(Est)_AStAmaro;26;31;2;10383;30;Y
4002335;V-AStAmaro_Pt(Est);31;26;2;11049;30;Y
4002352;V-Calvario_Pt(Est);56;26;2;10798;25;Y
4002353;V-Pt(Est)_Calvario;26;56;2;10804;25;Y
4002372;MMoniz_RConceic;47;1000088;1;1721;16;Y
4002373;Graca_MMoniz12E;437;47;1;2261;21;Y
4002392;Z_MMoniz_PLCamoes;47;1000055;1;4700;26;Y
4002393;Z_PLCamoes_MMoniz;1000055;47;1;4700;26;Y
4002412;PontinhM_QAlcout;55;1000230;1;3488;10;Y
4002413;QAlcout_PontinhM;1000230;55;1;3639;11;Y
4002414;V-Santos_SA(Est);69;1000007;2;2500;15;Y
4002415;V-SA(Est)_Santos;1000007;69;2;2500;15;Y
4002434;V-Mf(Est)_Santos;25;69;2;5000;30;Y
4002435;V-Santos_Mf(Est);69;25;2;5000;30;Y
4002454;PBelVista_CSodre;4000242;70;1;10467;40;Y
4002455;V-CSodre_PBelVista;70;4000242;2;9474;30;Y
4002456;PBelVista_EOriente;4000242;148;1;5088;40;Y
4002457;V-EOriente_PBelVista;148;4000242;2;4600;30;Y
4002458;V-Mg(Est)_PBelVista;64;4000242;2;5000;30;Y
4002494;Santos_Calvario-JV;69;56;1;2285;9;Y
4002495;Calvario_Santos-JV;56;69;1;1970;10;Y
4002514;V-CREst_SRios;7;50;2;8190;20;Y
4002515;V-SRios_CREst;50;7;2;7217;20;Y
4002554;RSPaulo_LCalhariz;4000262;4000263;1;265;5;Y
4002555;LCalhariz_RSPaulo;4000263;4000262;1;265;5;Y
4002556;LAnunciad_RCamPestn;4000282;4000283;1;185;3;Y
4002557;RCamPestn_LAnunciad;4000283;4000282;1;185;3;Y
4000001;ISEL_EEntrecp;127;66;1;8320;21;Y
4000003;EEntrecp_ISEL;66;127;1;6270;21;Y
4000005;V-CREst_EEntrecp;7;66;2;4667;25;Y
4000007;V-EEntrecp_CREst;66;7;2;5826;25;Y
4000009;V-Mg(Est)_EEntrecp;64;66;2;3834;25;Y
4000011;V-EEntrecp_Mg(Est);66;64;2;5043;25;Y
4000321;Z_PVelho_PAerop;68;372;1;5125;16;Y
4000323;Z_PAerop_PVelho;372;68;1;4958;15;Y
4000325;V-SSueste_Mg(Est);1000389;64;2;12758;50;Y
4000401;Z_CSodre_PFigueir;70;17;1;1600;10;Y
4000403;Z_PFigueir_CSodre;17;70;1;1600;10;Y
4000601;PUAjuda_BelemP;110;111;1;3103;7;Y
4000681;CSodre_Alameda;70;1000409;1;6208;12;Y
4000961;Z_PChile_Campol;65;1000119;1;3540;18;Y
4000963;Z_Campol_PChile;1000119;65;1;3125;19;Y
4001161;SRios_BFurnas;50;4000201;1;1343;4;Y
4001163;BFurnas_SRios;4000201;50;1;729;2;Y
4001441;V-AAjuda_Mf(Est);1000111;25;2;6525;25;Y
4001687;CGrandeB_Musgueira;4000241;129;1;3688;15;Y
4001689;Musgueira_CGrandeB;129;4000241;1;3774;17;Y
4001691;PChile_CGrandeB;65;4000241;1;4685;20;Y
4001693;CGrandeB_PChile;4000241;65;1;4566;19;Y
4001841;BCalhau_SerafinaI;1000116;94;1;4593;6;Y
4002329;EBenfica_PBenfica;191;29;1;1800;4;Y
4002331;PBenfica_EBenfica;29;191;1;1600;3;Y
4002574;V-RSPaulo_LCalhariz;4000262;4000263;2;265;5;Y
4002575;V-LCalhariz_RSPaulo;4000263;4000262;2;265;5;Y
4002576;V-LAnunciad_RCamPestn;4000282;4000283;2;185;3;Y
4002577;V-RCamPestn_LAnunciad;4000283;4000282;2;185;3;Y
4002614;V-Bica_RSPaulo;4000322;4000262;2;1;5;Y
4002615;V-RSPaulo_Bica;4000262;4000322;2;1;5;Y
4002616;V-Bica_LCalhariz;4000322;4000263;2;1;5;Y
4002617;V-LCalhariz_Bica;4000263;4000322;2;1;5;Y
4002634;Caselas_BelemP;41;111;1;3987;11;Y
4002635;Z_BelemP_Santos;111;69;1;4230;21;Y
4002654;Restelo_BelemP-CcG;103;111;1;3154;9;Y
4002655;BelemP_Calvario;111;56;1;2434;10;Y
4002656;LVelha_BelemP;121;111;1;5773;19;Y
4002674;V-Pt(Est)_Alcant;26;1000109;2;10401;25;Y
4002675;V-Alcant_Pt(Est);1000109;26;2;10472;25;Y
4002694;CMilitM_BStCruz;35;130;1;2704;11;Y
4002695;BStCruz_CMilitM;130;35;1;3246;13;Y
4002714;V-Gloria_Restaur;4000343;88;2;124;2;Y
4002715;V-Restaur_Gloria;88;4000343;2;124;2;Y
4002716;V-Gloria_SPAlcant;4000343;4000342;2;124;2;Y
4002717;V-SPAlcant_Gloria;4000342;4000343;2;124;2;Y
4003155;CPequeno_Entrecp;53;1;1;531;1;Y
4003174;V-Pt(Est)_Entrecp;26;1;2;6000;30;Y
4002734;Restaur_SPAlcant;88;4000342;1;248;3;Y
4002735;SPAlcant_Restaur;4000342;88;1;248;3;Y
4002754;V-PLondres_Pt(Est);1000429;26;2;8063;20;Y
4002755;V-Pt(Est)_PLondres;26;1000429;2;7116;22;Y
4002774;V-Pt(Est)_ADamaia;26;352;2;3605;25;Y
4002775;V-ADamaia_Pt(Est);352;26;2;3588;25;Y
4002794;V-GFreire_PFigueir;118;17;2;1577;15;Y
4002814;PFigueir_SantosE;17;69;1;2520;13;Y
4002815;Santos_PFigueirE;69;17;1;2530;11;Y
4002834;Aerop_RotCRuivo;105;1000289;1;1;1;Y
4002854;AlfragN_ReboleirM;211;4000382;1;2359;9;Y
4002855;ReboleirM_AlfragN;4000382;211;1;3616;14;Y
4002894;V-CREst_AvJMalhoa;7;1000269;2;8000;30;Y
4002914;MMoniz_Sapador;47;96;1;1550;8;Y
4002915;Sapador_MMoniz;96;47;1;1950;8;Y
4002934;V-CPequeno_CREst;53;7;2;6620;25;Y
4002935;V-CREst_CPequeno;7;53;2;7820;25;Y
4002936;V-CPequeno_Mg(Est);53;64;2;5000;25;Y
4002937;V-Mg(Est)_CPequeno;64;53;2;5000;25;Y
4003034;CSodre_Santos;70;69;1;1124;10;Y
4003154;Entrecp_CPequeno;1;53;1;601;2;Y
4003175;V-Entrecp_Pt(Est);1;26;2;6000;30;Y
4003214;Olivais_QMorgado;147;312;1;5326;20;Y
4003215;QMorgado_Olivais;312;147;1;4588;20;Y
4003234;VFormoso_AmendM;4000402;4000422;1;2661;20;Y
4003235;AmendM_VFormoso;4000422;4000402;1;2730;20;Y
4003236;AmendM_BAlfinetes;4000422;4000403;1;2308;1;Y
4003237;BAlfinetes_AmendM;4000403;4000422;1;2011;1;Y
4003254;AmendM_BFlamenga;4000422;134;1;3350;20;Y
4003255;BFlamenga_AmendM;134;4000422;1;3003;20;Y
4003318;V-Mg(Est)_Lumiar;64;61;2;2005;10;Y
4003319;V-Lumiar_Mg(Est);61;64;2;1936;10;Y
4003336;V-BAlfinetes_CREst;4000403;7;2;2745;10;Y
4003337;V-CREst_BAlfinetes;7;4000403;2;2520;20;Y
4003354;BAlfinetes_VFormoso;4000403;4000402;1;4410;12;Y
4003374;ROuro_LCarmo;4000442;4000443;1;259;5;Y
4003375;LCarmo_ROuro;4000443;4000442;1;259;5;Y
4003376;V-StJusta_ROuro;4000444;4000442;2;1;5;Y
4003377;V-ROuro_StJusta;4000442;4000444;2;1;5;Y
4003378;V-StJusta_LCarmo;4000444;4000443;2;1;5;Y
4003379;V-LCarmo_StJusta;4000443;4000444;2;1;5;Y
4003394;V-Mf(Est)_BelemJ;25;149;2;4500;20;Y
4003434;V-ROuro_LCarmo;4000442;4000443;2;259;5;Y
4003435;V-LCarmo_ROuro;4000443;4000442;2;259;5;Y
4003455;SRios_SerafinaI-EM;50;94;1;8019;18;Y
4003474;MMoniz_STome;47;1000369;1;800;9;Y
4003475;STome_MMoniz;1000369;47;1;1600;11;Y
4003534;V-AStAmaro_Mg(Est);31;64;2;15000;40;Y
4003535;V-Mg(Est)_AStAmaro;64;31;2;15000;40;Y
4003554;V-COurique_Pt(Est);24;26;2;20000;35;Y
4003555;V-Pt(Est)_COurique;26;24;2;20000;35;Y
4003574;V-PLCamoes_Mf(Est);1000055;25;2;10000;40;Y
4003575;V-Mf(Est)_PLCamoes;25;1000055;2;10000;40;Y
4003614;V-Mf(Est)_PSol;25;1000369;2;5000;45;Y
4003615;V-PSol_Mf(Est);1000369;25;2;5000;45;Y
4003634;Sapador_Sapador;96;96;1;1980;12;Y
4003654;PLCamoes_RatoE;1000055;1000125;1;1600;11;Y
4003655;Rato_PLCamoesE;1000125;1000055;1;1685;13;Y
4003674;Rato_CampolE;1000125;1000119;1;1692;13;Y
4003675;Campol_RatoE;1000119;1000125;1;1555;5;Y
4003694;V-Pt(Est)_CemAjuda;26;412;2;9179;30;Y
4003695;V-CemAjuda_Pt(Est);412;26;2;8328;30;Y
4003714;Caselas_QPaizinho;41;4000462;1;3708;5;Y
4003715;V-QPaizinho_Mf(Est);4000462;25;2;2211;8;Y
4003854;EBenfica_CMilitM-GP;191;35;1;2252;10;Y
4003855;CMilitM_EBenfica-GP;35;191;1;2252;10;Y
4003894;V-Mf(Est)_Calvario;25;56;2;7650;25;Y
4003934;Calvario_PAjuda;56;4000482;1;2483;1;Y
4003935;PAjuda_Calvario;4000482;56;1;2558;1;Y
4003936;V-PAjuda_Mf(Est);4000482;25;2;7902;1;Y
4003937;V-Mf(Est)_PAjuda;25;4000482;2;7902;1;Y
4003954;V-Entrecp_Mf(Est);1;25;2;12223;25;Y
4003994;CCongress_Calvario;4000502;56;1;4200;25;Y
4003995;Calvario_CCongress;56;4000502;1;2807;17;Y
4003996;Calvario_QJacinto;56;4000503;1;1060;6;Y
4003997;QJacinto_Calvario;4000503;56;1;1610;10;Y
4003998;V-Mf(Est)_CCongress;25;4000502;2;6278;20;Y
4003999;V-CCongress_Mf(Est);4000502;25;2;6874;20;Y
4000801;RossioL_EOriente;4000121;148;1;2849;11;Y
4000081;V-PUAjuda_MPombal;110;85;2;5281;15;Y
4000803;EOriente_RossioL;148;4000121;1;2541;10;Y
4000805;PNacoesS_EOriente;414;148;1;2174;8;Y
4001081;MPombal_SRoubado;85;1000189;1;10250;28;Y
4001083;SRoubado_MPombal;1000189;85;1;10250;27;Y
4001281;Buraca_DamaiaC;58;115;1;4104;16;Y
4001283;DamaiaC_Buraca;115;58;1;3828;14;Y
4001285;V-DamaiaC_Mf(Est);115;25;2;8800;25;Y
4001287;V-Mf(Est)_DamaiaC;25;115;2;8800;25;Y
4001481;CSodre_Calvario;70;56;1;2933;7;Y
4001483;Calvario_CSodre;56;70;1;2905;8;Y
4001485;Calvario_BoaHoraE;56;457;1;1843;6;Y
4001487;BoaHora_CalvarioE;457;56;1;1804;6;Y
4002241;Alameda_Amoreiras;1000409;271;1;3450;17;Y
4002243;Amoreiras_Alameda;271;1000409;1;3150;17;Y
4002245;Alameda_SRios;1000409;50;1;3990;18;Y
4002247;SRios_Alameda;50;1000409;1;3860;21;Y
4002594;V-Lavra_RCamPestn;4000302;4000283;2;93;15;Y
4002595;V-RCamPestn_Lavra;4000283;4000302;2;93;3;Y
4002596;V-Lavra_LAnunciad;4000302;4000282;2;92;15;Y
4002597;V-LAnunciad_Lavra;4000282;4000302;2;92;3;Y
4003074;INDEFINIDO;4000362;25;2;1;1;N
4003114;V-Mg(Est)_Musgueira;64;129;2;110;5;Y
4003194;Musgueira_LVelha;129;121;1;1;1;Y
4003195;LVelha_Musgueira;121;129;1;1;1;Y
4003414;V-Mf(Est)_Prazeres;25;1000011;2;9312;30;Y
4003415;V-Prazeres_Mf(Est);1000011;25;2;9604;30;Y
4003794;Alges_MPombal;92;85;1;12396;30;Y
4003795;V-MPombal_Alges;85;92;2;12396;25;Y
4003814;Alges_EOriente;92;148;1;20430;30;Y
4003815;V-EOriente_Alges;148;92;2;20430;25;Y
4003874;EOriente_CSodre;148;70;1;13461;45;Y
4003875;V-CSodre_EOriente;70;148;2;13461;35;Y
4003914;V-BoaHora_Mf(Est);457;25;2;8860;20;Y
4003915;V-Mf(Est)_BoaHora;25;457;2;8860;30;Y
4004014;BoaHora_CaramoAj;457;4000522;1;4342;22;Y
4004015;CaramoAj_BoaHora;4000522;457;1;2985;15;Y
4004016;Alges_Caselas;92;41;1;7365;37;Y
4004017;Caselas_Alges;41;92;1;7217;37;Y
4004054;Lumiar_PLumiar;61;143;1;2241;10;Y
4004055;PLumiar_Lumiar;143;61;1;1665;7;Y
4004074;V-Pt(Est)_PAjuda;26;4000482;2;10000;40;Y
4004075;V-PAjuda_Pt(Est);4000482;26;2;10000;40;Y
4004094;CruzPedra_Alameda;4000542;1000409;1;3669;17;Y
4004095;Alameda_CruzPedra;1000409;4000542;1;2957;14;Y
4004114;V-Pt(Est)_CruzPedra;26;4000542;2;10003;40;Y
4004115;V-CruzPedra_Pt(Est);4000542;26;2;10535;40;Y
4004134;CMilitM_BBoavista;35;4000562;1;5322;23;Y
4004135;BBoavista_CMilitM;4000562;35;1;5322;22;Y
4004136;CemBenf_PBenfica;27;29;1;1196;6;Y
4004137;PBenfica_CemBenf;29;27;1;1263;6;Y
4004154;Olaias_BMDeus;116;74;1;5068;22;Y
4004155;BMDeus_Olaias;74;116;1;8163;35;Y
4004174;SRios_AMoinhosM;50;4000582;1;3493;15;Y
4004175;AMoinhosM_SRios;4000582;50;1;4075;17;Y
4004274;RConceic_MMoniz;1000088;47;1;777;8;Y
4004354;Restaur_PNacoes;88;4000662;1;11255;45;Y
4004355;V-PNacoes_Restaur;4000662;88;2;11255;45;Y
4004434;V-Campol_CREst;1000119;7;2;8760;35;Y
4004394;Campol_PNacoes;1000119;4000662;1;11220;45;Y
4004395;V-PNacoes_Campol;4000662;1000119;2;11220;45;Y
4004514;CSodre_PNacoes;70;4000662;1;11920;45;Y
4004454;V-CREst_Campol;7;1000119;2;8760;35;Y
4004474;V-PNacoes_Mf(Est);4000662;25;2;16982;45;Y
4004515;PNacoes_CSodre;4000662;70;1;11920;45;Y
4004534;V-Mf(Est)_PNacoes;25;4000662;2;9025;25;Y
4004554;Calvario_PNacoes;56;4000662;1;25000;58;Y
4004555;PNacoes_Calvario;4000662;56;1;25000;58;Y
4004574;V-Mg(Est)_CREst;64;7;2;6000;15;Y
4004594;CREst_CGrandeN;7;1000118;1;4373;15;Y
4004614;Mf-16_Mg-13;4000682;4000683;1;13454;24;Y
4004615;Mg-13_Mf-16;4000683;4000682;1;1;1;Y
4004616;Mg-13_CR-14;4000683;4000684;1;5852;15;Y
4004617;CR-14_CGrandeN;4000684;1000118;1;5852;15;Y
4004618;EBenfica_Mf-16;191;4000682;1;10170;10;Y
4004619;V-EstMf_Mf(Est);4000682;25;2;1;1;Y
4004620;V-Mf(Est)_Mf-16;25;4000682;2;952;1;Y
4004634;Graca_MMoniz-RMadel;437;47;1;2000;11;Y
4004654;Amoreiras_ESRios;271;4000161;1;2571;13;Y
4004655;V-ESRios_Amoreiras;4000161;271;2;2571;12;Y
4004678;CMilitM_PUAjuda;35;110;1;7464;27;Y
4004694;V-Pt(Est)_PUAjuda;26;110;2;8800;40;Y
4004679;PUAjuda_CMilitM;110;35;1;8501;28;Y
4004695;V-PUAjuda_Pt(Est);110;26;2;10000;40;Y
4004714;V-Pt(Est)_Olaias;26;116;2;6822;25;Y
4004715;V-Olaias_Pt(Est);116;26;2;6566;30;Y
4004734;Sapador_CStClara;96;4000622;1;1005;4;Y
4004735;CStClara_Sapador;4000622;96;1;1010;4;Y
4004754;V-Pt(Est)_CStClara;26;4000622;2;11030;50;Y
4004755;V-CStClara_Pt(Est);4000622;26;2;10910;40;Y
4004794;V-Fetais_CGrandeM;128;60;2;7032;17;Y
4004814;CGrandeM_Fetais;60;128;1;8897;35;Y
4004834;EDamaia_ReboleirM;39;4000382;1;783;4;Y
4004835;ReboleirM_EDamaia;4000382;39;1;948;6;Y
4004894;V-Estrela_ECampol;1000012;311;2;5570;12;Y
4004914;Restaur_CPequeno;88;53;1;3383;15;Y
4004915;CPequeno_Restaur;53;88;1;3592;15;Y
4004974;Alges_CQuebrFMH;92;4000742;1;2657;13;Y
4004975;CQuebrFMH_Alges;4000742;92;1;2679;13;Y
4004994;COurique_QLoureiro;24;4000762;1;2794;15;Y
4004995;QLoureiro_COurique;4000762;24;1;2321;13;Y
4005014;COurique_Rato-Am;24;1000125;1;2803;15;Y
4005015;Rato_COurique-Am;1000125;24;1;1512;8;Y
4005036;ERoma-Ar_AlamedaB;126;1000409;1;2720;16;Y
4005037;Alameda_ERoma-ArB;1000409;126;1;2900;17;Y
4005054;BelaFlor_ESRios;4000802;4000161;1;4474;22;Y
4005055;ESRios_BelaFlor;4000161;4000802;1;3085;15;Y
4005056;ESRios_SerafinaI;4000161;94;1;1482;7;Y
4005057;SerafinaI_ESRios;94;4000161;1;2122;11;Y
4005074;V-Mf(Est)_BelaFlor;25;4000802;2;9530;20;Y
4005075;V-BelaFlor_Mf(Est);4000802;25;2;8760;20;Y
4005076;V-Mf(Est)_SerafinaI;25;94;2;9200;20;Y
4005077;V-SerafinaI_Mf(Est);94;25;2;8850;20;Y
4005094;Sapador_EStApolnB;96;38;1;3136;19;Y
4005095;EStApoln_SapadorB;38;96;1;1409;8;Y
4005096;CMPatria_RAlHerc;28;332;1;1428;7;Y
4005097;RAlHerc_CMPatria;332;28;1;3676;18;Y
4005114;CarnideCC_PontinhM;4000822;55;1;1306;6;Y
4005115;PontinhM_CarnideCC;55;4000822;1;4446;21;Y
4005134;V-Pt(Est)_CarnideCC;26;4000822;2;2140;15;Y
4005135;V-CarnideCC_Pt(Est);4000822;26;2;1090;10;Y
4005154;CCebolas_Graca;4000842;437;1;1630;12;Y
4005155;Graca_CCebolas;437;4000842;1;1780;13;Y
4005156;SRios_CPequenoB;50;53;1;3950;20;Y
4005157;CPequeno_SRiosB;53;50;1;3492;17;Y
4005174;V-Mf(Est)_CCebolas;25;4000842;2;11975;40;Y
4005175;V-CCebolas_Mf(Est);4000842;25;2;11950;35;Y
4005194;Alameda_Desterro;1000409;93;1;3162;21;Y
4005195;Desterro_Alameda;93;1000409;1;3298;22;Y
4005234;Estrela_AlcantTB;1000012;49;1;1881;13;Y
4005235;AlcantT_EstrelaB;49;1000012;1;4590;31;Y
4005374;V-Mf(Est)_BPCruz;25;37;2;10000;25;Y
4005375;V-BPCruz_Mf(Est);37;25;2;10000;25;Y
1004216;V-Pt(Est)_Serafina;26;1000431;2;5985;30;Y
1004217;V-Serafina_Pt(Est);1000431;26;2;6478;30;Y
4000201;V-Mf(Est)_Campol;25;1000119;2;9025;25;Y
4000841;V-PNacoesS_CREst;414;7;2;2107;15;Y
4001561;CMPatria_Amoreiras;28;271;1;2242;14;Y
4001563;Amoreiras_CMPatria;271;28;1;2462;14;Y
4001565;V-Mf(Est)_CMPatria;25;28;2;10700;35;Y
4001567;V-CMPatria_Mf(Est);28;25;2;10700;35;Y
4003134;MPombal_Rato;85;1000125;1;577;2;Y
4003135;Rato_MPombal;1000125;85;1;641;2;Y
4001685;Fetais_Galinheir;128;138;1;1391;4;Y
4002534;V-CREst_Restaur;7;88;2;9231;25;Y
4002535;V-Restaur_CREst;88;7;2;8753;25;Y
4002994;StAmaro_PFigueir;171;17;1;4778;15;Y
4002995;PFigueir_StAmaro;17;171;1;4887;17;Y
4002974;V-CSanto_SA(Est);140;1000007;2;3400;20;Y
4002975;V-SA(Est)_CSanto;1000007;140;2;3400;20;Y
4002996;StAmaro_AlgesJ;171;1000010;1;5012;16;Y
4002997;AlgesJ_StAmaro;1000010;171;1;4898;15;Y
4003014;V-StAmaro_Mf(Est);171;25;2;6850;30;Y
4003094;Z_Aerop_MPombal;105;85;1;1;25;Y
4003095;Z_MPombal_Aerop;85;105;1;1;48;Y
4003274;V-CREst_VFormoso;7;4000402;2;2239;10;Y
4003275;V-VFormoso_CREst;4000402;7;2;1813;10;Y
4005254;V-Mf(Est)_Estrela;25;1000012;2;9600;25;Y
4005255;V-Estrela_Mf(Est);1000012;25;2;9400;25;Y
4003294;V-CREst_AmendM;7;4000422;2;377;5;Y
4003295;V-AmendM_CREst;4000422;7;2;203;5;Y
4004674;CMilitM_CruzOliv;35;1000120;1;5601;20;Y
4004675;CruzOliv_CMilitM;1000120;35;1;6064;21;Y
4003494;Calvario_AStAmaroLC;56;31;1;1390;5;Y
4003495;AStAmaro_CalvarioLC;31;56;1;1380;5;Y
4003514;Calvario_Junqueira;56;117;1;960;2;Y
4003515;Junqueira_Calvario;117;56;1;890;2;Y
4003594;STome_RConceic;1000369;1000088;1;773;7;Y
4003595;RConceic_STome;1000088;1000369;1;921;8;Y
4004254;Calvario_EBenfica;56;191;1;200;19;Y
4004255;EBenfica_Calvario;191;56;1;200;18;Y
4004314;Musgueira_QLavad;129;4000642;1;3640;14;Y
4004315;QLavad_Musgueira;4000642;129;1;3825;14;Y
4004334;V-Mg(Est)_QLavad;64;4000642;2;500;20;Y
4004335;V-QLavad_Mg(Est);4000642;64;2;500;20;Y
4004954;Alameda_ERoma-Ar;1000409;126;1;10000000;4;Y
4004955;ERoma-Ar_Alameda;126;1000409;1;10000000;5;Y
4005354;EOriente_PteVGama;148;4000862;1;16250;20;Y
4005355;PteVGama_EOriente;4000862;148;1;15600;20;Y
4005294;AlcantM_CruzOliv;95;1000120;1;6366;34;Y
4005295;CruzOliv_AlcantM;1000120;95;1;6146;22;Y
4005314;V-SA(Est)_AlcantM;1000007;95;2;1081;10;Y
4005315;V-AlcantM_SA(Est);95;1000007;2;945;10;Y
4005334;V-SA(Est)_EStApoln;1000007;38;2;5600;25;Y
4005335;V-EStApoln_SA(Est);38;1000007;2;5600;25;Y
4005376;V-Mf(Est)_PontinhM;25;55;2;10000;20;Y
4005377;V-PontinhM_Mf(Est);55;25;2;10000;20;Y
4005394;ECampol_BelemJ-81A;311;149;1;6470;20;Y
4005395;BelemJ_ECampol-81A;149;311;1;6996;20;Y
4005414;V-Picheleir_Mf(Est);125;25;2;13200;40;Y
4005434;V-Mf(Est)_Picheleir;25;125;2;10000;30;Y
4005454;MPombal_CCongress;85;4000502;1;6900;25;Y
4005455;CCongress_MPombal;4000502;85;1;7100;25;Y
4005474;V-Mf(Est)_EstCR;25;4000684;2;15708;30;Y
4005494;EstCR_EstMg-V;4000684;4000683;2;5164;15;Y
4005495;EstMg_EstPt-V;4000683;4000882;2;6410;15;Y
4005496;EstPt_PBenfica-V;4000882;29;2;2160;4;Y
4005497;PBenfica_Buraca-V;29;58;2;1519;2;Y
4005514;Buraca_BBoavista-V;58;4000562;2;1494;3;Y
4005534;BBoavista_EstMf-V;4000562;4000682;2;4443;11;Y
4005554;ERoma-Ar_PBelVista;126;4000242;1;3000;18;Y
4005555;PBelVista_ERoma-Ar;4000242;126;1;4600;22;Y
4005574;PUAjuda_TapadAjud;110;4000903;1;956;15;Y
4005575;TapadAjud_PUAjuda;4000903;110;1;956;15;Y
4005634;V-Mf(Est)_SRios;25;50;2;10500;20;Y
4005577;PUAjuda_CSodre;110;70;1;7960;20;Y
4005578;CSodre_PUAjuda;70;110;1;7936;20;Y
4005635;V-SRios_Mf(Est);50;25;2;8500;15;Y
4005636;V-Mf(Est)_Calhariz;25;114;2;8600;20;Y
4005637;V-Calhariz_Mf(Est);114;25;2;6500;15;Y
4005694;CSodre_SSueste;70;1000389;1;1303;8;Y
4005714;V-SA(Est)_SSueste;1000007;1000389;2;5014;20;Y
4005715;V-SSueste_SA(Est);1000389;1000007;2;4967;20;Y
4005734;V-Pt(Est)_PEspanha;26;8;2;5600;30;Y
4005735;V-PEspanha_Pt(Est);8;26;2;5600;30;Y